"","ecoregion","X","NS.Map.Value.code","system_name","SqKM_system_ecoregion","type","ELEMENT_GLOBAL_ID","ELCODE","ELSF_CD","BPS_area_system_sq_KM","percent_of_Total_Distribution","Level3.x","Level3.y"
"1","Arizona/New Mexico Mountains",2,7051,"Southern_Rocky_Mountain_Dry_Mesic_Montane_Mixed_Conifer_Forest_and_Woodland",2503.1997,"Southern Rocky Mountain Dry Mesic Montane Mixed Conifer Forest and Woodland",722850,"CES306.823",4238,15486.9894,0.1616,"13.1.1","13.1.1"
"2","Arizona/New Mexico Mountains",1,7052,"Southern_Rocky_Mountain_Mesic_Montane_Mixed_Conifer_Forest_and_Woodland",1149.0174,"Southern Rocky Mountain Mesic Montane Mixed Conifer Forest and Woodland",722848,"CES306.825",4239,8992.6605,0.1278,"13.1.1","13.1.1"
"3","Arizona/New Mexico Mountains",6,7019,"Great_Basin_Pinyon_Juniper_Woodland",38.0295,"Great Basin Pinyon Juniper Woodland",722899,"CES304.773",4206,22745.7234,0.0017,"13.1.1","13.1.1"
"4","Arizona/New Mexico Mountains",3,7149,"Western_Great_Plains_Shortgrass_Prairie",450.4491,"Western Great Plains Shortgrass Prairie",722986,"CES303.672",7122,259073.154,0.0017,"13.1.1","13.1.1"
"5","Arizona/New Mexico Mountains",4,7054,"Southern_Rocky_Mountain_Ponderosa_Pine_Woodland",19014.4341,"Southern Rocky Mountain Ponderosa Pine Woodland",797980,"CES306.648",4241,38899.4481,0.4888,"13.1.1","13.1.1"
"6","Arizona/New Mexico Mountains",5,7125,"Inter_Mountain_Basins_Big_Sagebrush_Steppe",104.5062,"Inter Mountain Basins Big Sagebrush Steppe",722894,"CES304.778",5454,181241.4852,6e-04,"13.1.1","13.1.1"
"7","Arizona/New Mexico Mountains",10,7080,"Inter_Mountain_Basins_Big_Sagebrush_Shrubland",1912.3533,"Inter Mountain Basins Big Sagebrush Shrubland",722895,"CES304.777",5257,282536.1486,0.0068,"13.1.1","13.1.1"
"8","Arizona/New Mexico Mountains",7,7081,"Inter_Mountain_Basins_Mixed_Salt_Desert_Scrub",1718.8848,"Inter Mountain Basins Mixed Salt Desert Scrub",722888,"CES304.784",5258,96871.1967,0.0177,"13.1.1","13.1.1"
"9","Arizona/New Mexico Mountains",8,7147,"Western_Great_Plains_Foothill_and_Piedmont_Grassland",105.7941,"Western Great Plains Foothill and Piedmont Grassland",722856,"CES303.817",7120,12692.0763,0.0083,"13.1.1","13.1.1"
"10","Arizona/New Mexico Mountains",9,7107,"Rocky_Mountain_Gambel_Oak_Mixed_Montane_Shrubland",524.1672,"Rocky Mountain Gambel Oak Mixed Montane Shrubland",722855,"CES306.818",5313,19905.7419,0.0263,"13.1.1","13.1.1"
"11","Arizona/New Mexico Mountains",11,7146,"Southern_Rocky_Mountain_Montane_Subalpine_Grassland",852.93,"Southern Rocky Mountain Montane Subalpine Grassland",722849,"CES306.824",7119,3086.9586,0.2763,"13.1.1","13.1.1"
"12","Arizona/New Mexico Mountains",12,7061,"Inter_Mountain_Basins_Aspen_Mixed_Conifer_Forest_and_Woodland",938.0367,"Inter Mountain Basins Aspen Mixed Conifer Forest and Woodland",722896,"CES304.776",4302,27965.5092,0.0335,"13.1.1","13.1.1"
"13","Arizona/New Mexico Plateau",14,7107,"Rocky_Mountain_Gambel_Oak_Mixed_Montane_Shrubland",264.7971,"Rocky Mountain Gambel Oak Mixed Montane Shrubland",722855,"CES306.818",5313,19905.7419,0.0133,"10.1.7","10.1.7"
"14","Arizona/New Mexico Plateau",15,7126,"Inter_Mountain_Basins_Montane_Sagebrush_Steppe",25.1667,"Inter Mountain Basins Montane Sagebrush Steppe",722887,"CES304.785",5455,85442.3397,3e-04,"10.1.7","10.1.7"
"15","Arizona/New Mexico Plateau",18,7149,"Western_Great_Plains_Shortgrass_Prairie",260.8524,"Western Great Plains Shortgrass Prairie",722986,"CES303.672",7122,259073.154,0.001,"10.1.7","10.1.7"
"16","Arizona/New Mexico Plateau",19,7080,"Inter_Mountain_Basins_Big_Sagebrush_Shrubland",22212.9945,"Inter Mountain Basins Big Sagebrush Shrubland",722895,"CES304.777",5257,282536.1486,0.0786,"10.1.7","10.1.7"
"17","Arizona/New Mexico Plateau",16,7052,"Southern_Rocky_Mountain_Mesic_Montane_Mixed_Conifer_Forest_and_Woodland",19.7316,"Southern Rocky Mountain Mesic Montane Mixed Conifer Forest and Woodland",722848,"CES306.825",4239,8992.6605,0.0022,"10.1.7","10.1.7"
"18","Arizona/New Mexico Plateau",17,7019,"Great_Basin_Pinyon_Juniper_Woodland",587.1042,"Great Basin Pinyon Juniper Woodland",722899,"CES304.773",4206,22745.7234,0.0258,"10.1.7","10.1.7"
"19","Arizona/New Mexico Plateau",22,7125,"Inter_Mountain_Basins_Big_Sagebrush_Steppe",23.6358,"Inter Mountain Basins Big Sagebrush Steppe",722894,"CES304.778",5454,181241.4852,1e-04,"10.1.7","10.1.7"
"20","Arizona/New Mexico Plateau",23,7061,"Inter_Mountain_Basins_Aspen_Mixed_Conifer_Forest_and_Woodland",40.1274,"Inter Mountain Basins Aspen Mixed Conifer Forest and Woodland",722896,"CES304.776",4302,27965.5092,0.0014,"10.1.7","10.1.7"
"21","Arizona/New Mexico Plateau",20,7147,"Western_Great_Plains_Foothill_and_Piedmont_Grassland",0.1377,"Western Great Plains Foothill and Piedmont Grassland",722856,"CES303.817",7120,12692.0763,0,"10.1.7","10.1.7"
"22","Arizona/New Mexico Plateau",21,7054,"Southern_Rocky_Mountain_Ponderosa_Pine_Woodland",1403.0739,"Southern Rocky Mountain Ponderosa Pine Woodland",797980,"CES306.648",4241,38899.4481,0.0361,"10.1.7","10.1.7"
"23","Arizona/New Mexico Plateau",13,7066,"Inter_Mountain_Basins_Mat_Saltbush_Shrubland",1.1907,"Inter Mountain Basins Mat Saltbush Shrubland",722889,"CES304.783",5203,10939.5846,1e-04,"10.1.7","10.1.7"
"24","Arizona/New Mexico Plateau",27,7051,"Southern_Rocky_Mountain_Dry_Mesic_Montane_Mixed_Conifer_Forest_and_Woodland",86.5485,"Southern Rocky Mountain Dry Mesic Montane Mixed Conifer Forest and Woodland",722850,"CES306.823",4238,15486.9894,0.0056,"10.1.7","10.1.7"
"25","Arizona/New Mexico Plateau",26,7079,"Great_Basin_Xeric_Mixed_Sagebrush_Shrubland",8.1405,"Great Basin Xeric Mixed Sagebrush Shrubland",722898,"CES304.774",5256,62531.1171,1e-04,"10.1.7","10.1.7"
"26","Arizona/New Mexico Plateau",24,7081,"Inter_Mountain_Basins_Mixed_Salt_Desert_Scrub",21799.2708,"Inter Mountain Basins Mixed Salt Desert Scrub",722888,"CES304.784",5258,96871.1967,0.225,"10.1.7","10.1.7"
"27","Arizona/New Mexico Plateau",25,7146,"Southern_Rocky_Mountain_Montane_Subalpine_Grassland",31.7439,"Southern Rocky Mountain Montane Subalpine Grassland",722849,"CES306.824",7119,3086.9586,0.0103,"10.1.7","10.1.7"
"28","Arkansas Valley",29,7364,"Ozark_Ouachita_Dry_Oak_Woodland",2238.3216,"Ozark Ouachita Dry Oak Woodland",722953,"CES202.707",4306,58336.0137,0.0384,"8.4.7","8.4.7"
"29","Arkansas Valley",28,7423,"Southeastern_Great_Plains_Tallgrass_Prairie",1703.0574,"Southeastern Great Plains Tallgrass Prairie",722974,"CES205.685",7136,108029.6757,0.0158,"8.4.7","8.4.7"
"30","Aspen Parkland/Northern Glaciated Plains",30,7080,"Inter_Mountain_Basins_Big_Sagebrush_Shrubland",0.6156,"Inter Mountain Basins Big Sagebrush Shrubland",722895,"CES304.777",5257,282536.1486,0,"9.2.1","9.2.1"
"31","Aspen Parkland/Northern Glaciated Plains",31,7310,"North_Central_Interior_Dry_Mesic_Oak_Forest_and_Woodland",114.291,"North Central Interior Dry Mesic Oak Forest and Woodland",722663,"CES202.046",4116,141605.9334,8e-04,"9.2.1","9.2.1"
"32","Aspen Parkland/Northern Glaciated Plains",32,7141,"Northwestern_Great_Plains_Mixedgrass_Prairie",73240.6698,"Northwestern Great Plains Mixedgrass Prairie",722984,"CES303.674",7114,425532.0987,0.1721,"9.2.1","9.2.1"
"33","Blue Mountains",33,7017,"Columbia_Plateau_Western_Juniper_Woodland_and_Savanna",2995.9713,"Columbia Plateau Western Juniper Woodland and Savanna",740155,"CES304.082",4204,7901.0883,0.3792,"6.2.9","6.2.9"
"34","Blue Mountains",37,7079,"Great_Basin_Xeric_Mixed_Sagebrush_Shrubland",131.8923,"Great Basin Xeric Mixed Sagebrush Shrubland",722898,"CES304.774",5256,62531.1171,0.0021,"6.2.9","6.2.9"
"35","Blue Mountains",34,7080,"Inter_Mountain_Basins_Big_Sagebrush_Shrubland",5362.7751,"Inter Mountain Basins Big Sagebrush Shrubland",722895,"CES304.777",5257,282536.1486,0.019,"6.2.9","6.2.9"
"36","Blue Mountains",35,7125,"Inter_Mountain_Basins_Big_Sagebrush_Steppe",8634.0006,"Inter Mountain Basins Big Sagebrush Steppe",722894,"CES304.778",5454,181241.4852,0.0476,"6.2.9","6.2.9"
"37","Blue Mountains",36,7061,"Inter_Mountain_Basins_Aspen_Mixed_Conifer_Forest_and_Woodland",2.1384,"Inter Mountain Basins Aspen Mixed Conifer Forest and Woodland",722896,"CES304.776",4302,27965.5092,1e-04,"6.2.9","6.2.9"
"38","Blue Mountains",38,7126,"Inter_Mountain_Basins_Montane_Sagebrush_Steppe",4564.3257,"Inter Mountain Basins Montane Sagebrush Steppe",722887,"CES304.785",5455,85442.3397,0.0534,"6.2.9","6.2.9"
"39","Blue Mountains",39,7081,"Inter_Mountain_Basins_Mixed_Salt_Desert_Scrub",1.3122,"Inter Mountain Basins Mixed Salt Desert Scrub",722888,"CES304.784",5258,96871.1967,0,"6.2.9","6.2.9"
"40","Boston Mountains",41,7364,"Ozark_Ouachita_Dry_Oak_Woodland",3725.6355,"Ozark Ouachita Dry Oak Woodland",722953,"CES202.707",4306,58336.0137,0.0639,"8.4.6","8.4.6"
"41","Boston Mountains",40,7423,"Southeastern_Great_Plains_Tallgrass_Prairie",13.8753,"Southeastern Great Plains Tallgrass Prairie",722974,"CES205.685",7136,108029.6757,1e-04,"8.4.6","8.4.6"
"42","California Coastal Sage, Chaparral, and Oak Woodlands",42,7126,"Inter_Mountain_Basins_Montane_Sagebrush_Steppe",19.5372,"Inter Mountain Basins Montane Sagebrush Steppe",722887,"CES304.785",5455,85442.3397,2e-04,"11.1.1","11.1.1"
"43","California Coastal Sage, Chaparral, and Oak Woodlands",43,7080,"Inter_Mountain_Basins_Big_Sagebrush_Shrubland",3.6936,"Inter Mountain Basins Big Sagebrush Shrubland",722895,"CES304.777",5257,282536.1486,0,"11.1.1","11.1.1"
"44","California Coastal Sage, Chaparral, and Oak Woodlands",44,7019,"Great_Basin_Pinyon_Juniper_Woodland",5.6376,"Great Basin Pinyon Juniper Woodland",722899,"CES304.773",4206,22745.7234,2e-04,"11.1.1","11.1.1"
"45","Canadian Rockies",46,7080,"Inter_Mountain_Basins_Big_Sagebrush_Shrubland",0.3402,"Inter Mountain Basins Big Sagebrush Shrubland",722895,"CES304.777",5257,282536.1486,0,"6.2.4","6.2.4"
"46","Canadian Rockies",45,7126,"Inter_Mountain_Basins_Montane_Sagebrush_Steppe",16.2162,"Inter Mountain Basins Montane Sagebrush Steppe",722887,"CES304.785",5455,85442.3397,2e-04,"6.2.4","6.2.4"
"47","Canadian Rockies",47,7125,"Inter_Mountain_Basins_Big_Sagebrush_Steppe",14.742,"Inter Mountain Basins Big Sagebrush Steppe",722894,"CES304.778",5454,181241.4852,1e-04,"6.2.4","6.2.4"
"48","Canadian Rockies",48,7141,"Northwestern_Great_Plains_Mixedgrass_Prairie",1.215,"Northwestern Great Plains Mixedgrass Prairie",722984,"CES303.674",7114,425532.0987,0,"6.2.4","6.2.4"
"49","Cascades",50,7080,"Inter_Mountain_Basins_Big_Sagebrush_Shrubland",13.7457,"Inter Mountain Basins Big Sagebrush Shrubland",722895,"CES304.777",5257,282536.1486,0,"6.2.7","6.2.7"
"50","Cascades",49,7125,"Inter_Mountain_Basins_Big_Sagebrush_Steppe",0.0081,"Inter Mountain Basins Big Sagebrush Steppe",722894,"CES304.778",5454,181241.4852,0,"6.2.7","6.2.7"
"51","Cascades",53,7079,"Great_Basin_Xeric_Mixed_Sagebrush_Shrubland",0.6966,"Great Basin Xeric Mixed Sagebrush Shrubland",722898,"CES304.774",5256,62531.1171,0,"6.2.7","6.2.7"
"52","Cascades",51,7126,"Inter_Mountain_Basins_Montane_Sagebrush_Steppe",0.5994,"Inter Mountain Basins Montane Sagebrush Steppe",722887,"CES304.785",5455,85442.3397,0,"6.2.7","6.2.7"
"53","Cascades",52,7017,"Columbia_Plateau_Western_Juniper_Woodland_and_Savanna",27.7506,"Columbia Plateau Western Juniper Woodland and Savanna",740155,"CES304.082",4204,7901.0883,0.0035,"6.2.7","6.2.7"
"54","Central Basin and Range",55,7080,"Inter_Mountain_Basins_Big_Sagebrush_Shrubland",70524.6912,"Inter Mountain Basins Big Sagebrush Shrubland",722895,"CES304.777",5257,282536.1486,0.2496,"10.1.5","10.1.5"
"55","Central Basin and Range",54,7125,"Inter_Mountain_Basins_Big_Sagebrush_Steppe",1949.3379,"Inter Mountain Basins Big Sagebrush Steppe",722894,"CES304.778",5454,181241.4852,0.0108,"10.1.5","10.1.5"
"56","Central Basin and Range",59,7079,"Great_Basin_Xeric_Mixed_Sagebrush_Shrubland",51044.175,"Great Basin Xeric Mixed Sagebrush Shrubland",722898,"CES304.774",5256,62531.1171,0.8163,"10.1.5","10.1.5"
"57","Central Basin and Range",56,7019,"Great_Basin_Pinyon_Juniper_Woodland",17807.2425,"Great Basin Pinyon Juniper Woodland",722899,"CES304.773",4206,22745.7234,0.7829,"10.1.5","10.1.5"
"58","Central Basin and Range",57,7107,"Rocky_Mountain_Gambel_Oak_Mixed_Montane_Shrubland",2083.5306,"Rocky Mountain Gambel Oak Mixed Montane Shrubland",722855,"CES306.818",5313,19905.7419,0.1047,"10.1.5","10.1.5"
"59","Central Basin and Range",58,7146,"Southern_Rocky_Mountain_Montane_Subalpine_Grassland",2.1141,"Southern Rocky Mountain Montane Subalpine Grassland",722849,"CES306.824",7119,3086.9586,7e-04,"10.1.5","10.1.5"
"60","Central Basin and Range",63,7017,"Columbia_Plateau_Western_Juniper_Woodland_and_Savanna",1.3041,"Columbia Plateau Western Juniper Woodland and Savanna",740155,"CES304.082",4204,7901.0883,2e-04,"10.1.5","10.1.5"
"61","Central Basin and Range",60,7054,"Southern_Rocky_Mountain_Ponderosa_Pine_Woodland",64.6704,"Southern Rocky Mountain Ponderosa Pine Woodland",797980,"CES306.648",4241,38899.4481,0.0017,"10.1.5","10.1.5"
"62","Central Basin and Range",61,7052,"Southern_Rocky_Mountain_Mesic_Montane_Mixed_Conifer_Forest_and_Woodland",600.3234,"Southern Rocky Mountain Mesic Montane Mixed Conifer Forest and Woodland",722848,"CES306.825",4239,8992.6605,0.0668,"10.1.5","10.1.5"
"63","Central Basin and Range",62,7081,"Inter_Mountain_Basins_Mixed_Salt_Desert_Scrub",57601.5057,"Inter Mountain Basins Mixed Salt Desert Scrub",722888,"CES304.784",5258,96871.1967,0.5946,"10.1.5","10.1.5"
"64","Central Basin and Range",66,7126,"Inter_Mountain_Basins_Montane_Sagebrush_Steppe",12746.2572,"Inter Mountain Basins Montane Sagebrush Steppe",722887,"CES304.785",5455,85442.3397,0.1492,"10.1.5","10.1.5"
"65","Central Basin and Range",64,7051,"Southern_Rocky_Mountain_Dry_Mesic_Montane_Mixed_Conifer_Forest_and_Woodland",33.939,"Southern Rocky Mountain Dry Mesic Montane Mixed Conifer Forest and Woodland",722850,"CES306.823",4238,15486.9894,0.0022,"10.1.5","10.1.5"
"66","Central Basin and Range",65,7061,"Inter_Mountain_Basins_Aspen_Mixed_Conifer_Forest_and_Woodland",530.4123,"Inter Mountain Basins Aspen Mixed Conifer Forest and Woodland",722896,"CES304.776",4302,27965.5092,0.019,"10.1.5","10.1.5"
"67","Central California Valley",67,7080,"Inter_Mountain_Basins_Big_Sagebrush_Shrubland",0.3564,"Inter Mountain Basins Big Sagebrush Shrubland",722895,"CES304.777",5257,282536.1486,0,"11.1.2","11.1.2"
"68","Central Corn Belt Plains",69,7421,"Central_Tallgrass_Prairie",54324.4887,"Central Tallgrass Prairie",722976,"CES205.683",7134,241651.1556,0.2248,"8.2.3","8.2.3"
"69","Central Corn Belt Plains",68,7310,"North_Central_Interior_Dry_Mesic_Oak_Forest_and_Woodland",17750.5668,"North Central Interior Dry Mesic Oak Forest and Woodland",722663,"CES202.046",4116,141605.9334,0.1254,"8.2.3","8.2.3"
"70","Central Corn Belt Plains",70,7313,"North_Central_Interior_Beech_Maple_Forest_",60.6852,"North Central Interior Beech Maple Forest ",722966,"CES202.693",4119,83328.2964,7e-04,"8.2.3","8.2.3"
"71","Central Great Plains",73,7141,"Northwestern_Great_Plains_Mixedgrass_Prairie",13.1868,"Northwestern Great Plains Mixedgrass Prairie",722984,"CES303.674",7114,425532.0987,0,"9.4.2","9.4.2"
"72","Central Great Plains",71,7149,"Western_Great_Plains_Shortgrass_Prairie",2402.9541,"Western Great Plains Shortgrass Prairie",722986,"CES303.672",7122,259073.154,0.0093,"9.4.2","9.4.2"
"73","Central Great Plains",72,7310,"North_Central_Interior_Dry_Mesic_Oak_Forest_and_Woodland",99.1845,"North Central Interior Dry Mesic Oak Forest and Woodland",722663,"CES202.046",4116,141605.9334,7e-04,"9.4.2","9.4.2"
"74","Central Great Plains",74,7054,"Southern_Rocky_Mountain_Ponderosa_Pine_Woodland",3.8151,"Southern Rocky Mountain Ponderosa Pine Woodland",797980,"CES306.648",4241,38899.4481,1e-04,"9.4.2","9.4.2"
"75","Central Great Plains",75,7423,"Southeastern_Great_Plains_Tallgrass_Prairie",35095.0563,"Southeastern Great Plains Tallgrass Prairie",722974,"CES205.685",7136,108029.6757,0.3249,"9.4.2","9.4.2"
"76","Central Great Plains",76,7421,"Central_Tallgrass_Prairie",15499.3986,"Central Tallgrass Prairie",722976,"CES205.683",7134,241651.1556,0.0641,"9.4.2","9.4.2"
"77","Central Irregular Plains",77,7364,"Ozark_Ouachita_Dry_Oak_Woodland",367.9587,"Ozark Ouachita Dry Oak Woodland",722953,"CES202.707",4306,58336.0137,0.0063,"9.2.4","9.2.4"
"78","Central Irregular Plains",80,7310,"North_Central_Interior_Dry_Mesic_Oak_Forest_and_Woodland",7833.2022,"North Central Interior Dry Mesic Oak Forest and Woodland",722663,"CES202.046",4116,141605.9334,0.0553,"9.2.4","9.2.4"
"79","Central Irregular Plains",78,7423,"Southeastern_Great_Plains_Tallgrass_Prairie",29774.5065,"Southeastern Great Plains Tallgrass Prairie",722974,"CES205.685",7136,108029.6757,0.2756,"9.2.4","9.2.4"
"80","Central Irregular Plains",79,7421,"Central_Tallgrass_Prairie",33288.2055,"Central Tallgrass Prairie",722976,"CES205.683",7134,241651.1556,0.1378,"9.2.4","9.2.4"
"81","Chihuahuan Desert",82,7051,"Southern_Rocky_Mountain_Dry_Mesic_Montane_Mixed_Conifer_Forest_and_Woodland",4.9248,"Southern Rocky Mountain Dry Mesic Montane Mixed Conifer Forest and Woodland",722850,"CES306.823",4238,15486.9894,3e-04,"10.2.4","10.2.4"
"82","Chihuahuan Desert",81,7054,"Southern_Rocky_Mountain_Ponderosa_Pine_Woodland",37.7217,"Southern Rocky Mountain Ponderosa Pine Woodland",797980,"CES306.648",4241,38899.4481,0.001,"10.2.4","10.2.4"
"83","Chihuahuan Desert",86,7081,"Inter_Mountain_Basins_Mixed_Salt_Desert_Scrub",37.9728,"Inter Mountain Basins Mixed Salt Desert Scrub",722888,"CES304.784",5258,96871.1967,4e-04,"10.2.4","10.2.4"
"84","Chihuahuan Desert",83,7146,"Southern_Rocky_Mountain_Montane_Subalpine_Grassland",3.8232,"Southern Rocky Mountain Montane Subalpine Grassland",722849,"CES306.824",7119,3086.9586,0.0012,"10.2.4","10.2.4"
"85","Chihuahuan Desert",84,7107,"Rocky_Mountain_Gambel_Oak_Mixed_Montane_Shrubland",0.3888,"Rocky Mountain Gambel Oak Mixed Montane Shrubland",722855,"CES306.818",5313,19905.7419,0,"10.2.4","10.2.4"
"86","Chihuahuan Desert",85,7149,"Western_Great_Plains_Shortgrass_Prairie",365.8041,"Western Great Plains Shortgrass Prairie",722986,"CES303.672",7122,259073.154,0.0014,"10.2.4","10.2.4"
"87","Chihuahuan Desert",87,7080,"Inter_Mountain_Basins_Big_Sagebrush_Shrubland",24.4134,"Inter Mountain Basins Big Sagebrush Shrubland",722895,"CES304.777",5257,282536.1486,1e-04,"10.2.4","10.2.4"
"88","Colorado Plateaus",90,7054,"Southern_Rocky_Mountain_Ponderosa_Pine_Woodland",2373.0003,"Southern Rocky Mountain Ponderosa Pine Woodland",797980,"CES306.648",4241,38899.4481,0.061,"10.1.6","10.1.6"
"89","Colorado Plateaus",88,7061,"Inter_Mountain_Basins_Aspen_Mixed_Conifer_Forest_and_Woodland",699.4107,"Inter Mountain Basins Aspen Mixed Conifer Forest and Woodland",722896,"CES304.776",4302,27965.5092,0.025,"10.1.6","10.1.6"
"90","Colorado Plateaus",89,7052,"Southern_Rocky_Mountain_Mesic_Montane_Mixed_Conifer_Forest_and_Woodland",361.0494,"Southern Rocky Mountain Mesic Montane Mixed Conifer Forest and Woodland",722848,"CES306.825",4239,8992.6605,0.0401,"10.1.6","10.1.6"
"91","Colorado Plateaus",94,7146,"Southern_Rocky_Mountain_Montane_Subalpine_Grassland",17.01,"Southern Rocky Mountain Montane Subalpine Grassland",722849,"CES306.824",7119,3086.9586,0.0055,"10.1.6","10.1.6"
"92","Colorado Plateaus",95,7081,"Inter_Mountain_Basins_Mixed_Salt_Desert_Scrub",8667.8262,"Inter Mountain Basins Mixed Salt Desert Scrub",722888,"CES304.784",5258,96871.1967,0.0895,"10.1.6","10.1.6"
"93","Colorado Plateaus",96,7080,"Inter_Mountain_Basins_Big_Sagebrush_Shrubland",25421.6151,"Inter Mountain Basins Big Sagebrush Shrubland",722895,"CES304.777",5257,282536.1486,0.09,"10.1.6","10.1.6"
"94","Colorado Plateaus",97,7107,"Rocky_Mountain_Gambel_Oak_Mixed_Montane_Shrubland",5005.6947,"Rocky Mountain Gambel Oak Mixed Montane Shrubland",722855,"CES306.818",5313,19905.7419,0.2515,"10.1.6","10.1.6"
"95","Colorado Plateaus",98,7126,"Inter_Mountain_Basins_Montane_Sagebrush_Steppe",2262.33,"Inter Mountain Basins Montane Sagebrush Steppe",722887,"CES304.785",5455,85442.3397,0.0265,"10.1.6","10.1.6"
"96","Colorado Plateaus",99,7125,"Inter_Mountain_Basins_Big_Sagebrush_Steppe",145.1358,"Inter Mountain Basins Big Sagebrush Steppe",722894,"CES304.778",5454,181241.4852,8e-04,"10.1.6","10.1.6"
"97","Colorado Plateaus",100,7066,"Inter_Mountain_Basins_Mat_Saltbush_Shrubland",3289.248,"Inter Mountain Basins Mat Saltbush Shrubland",722889,"CES304.783",5203,10939.5846,0.3007,"10.1.6","10.1.6"
"98","Colorado Plateaus",92,7051,"Southern_Rocky_Mountain_Dry_Mesic_Montane_Mixed_Conifer_Forest_and_Woodland",2269.5795,"Southern Rocky Mountain Dry Mesic Montane Mixed Conifer Forest and Woodland",722850,"CES306.823",4238,15486.9894,0.1465,"10.1.6","10.1.6"
"99","Colorado Plateaus",93,7019,"Great_Basin_Pinyon_Juniper_Woodland",92.2752,"Great Basin Pinyon Juniper Woodland",722899,"CES304.773",4206,22745.7234,0.0041,"10.1.6","10.1.6"
"100","Colorado Plateaus",91,7079,"Great_Basin_Xeric_Mixed_Sagebrush_Shrubland",0.8748,"Great Basin Xeric Mixed Sagebrush Shrubland",722898,"CES304.774",5256,62531.1171,0,"10.1.6","10.1.6"
"101","Columbia Mountains/Northern Rockies",103,7061,"Inter_Mountain_Basins_Aspen_Mixed_Conifer_Forest_and_Woodland",0.4698,"Inter Mountain Basins Aspen Mixed Conifer Forest and Woodland",722896,"CES304.776",4302,27965.5092,0,"6.2.3","6.2.3"
"102","Columbia Mountains/Northern Rockies",101,7079,"Great_Basin_Xeric_Mixed_Sagebrush_Shrubland",3.6693,"Great Basin Xeric Mixed Sagebrush Shrubland",722898,"CES304.774",5256,62531.1171,1e-04,"6.2.3","6.2.3"
"103","Columbia Mountains/Northern Rockies",102,7080,"Inter_Mountain_Basins_Big_Sagebrush_Shrubland",1014.4926,"Inter Mountain Basins Big Sagebrush Shrubland",722895,"CES304.777",5257,282536.1486,0.0036,"6.2.3","6.2.3"
"104","Columbia Mountains/Northern Rockies",106,7126,"Inter_Mountain_Basins_Montane_Sagebrush_Steppe",328.3497,"Inter Mountain Basins Montane Sagebrush Steppe",722887,"CES304.785",5455,85442.3397,0.0038,"6.2.3","6.2.3"
"105","Columbia Mountains/Northern Rockies",105,7081,"Inter_Mountain_Basins_Mixed_Salt_Desert_Scrub",0.0081,"Inter Mountain Basins Mixed Salt Desert Scrub",722888,"CES304.784",5258,96871.1967,0,"6.2.3","6.2.3"
"106","Columbia Mountains/Northern Rockies",104,7125,"Inter_Mountain_Basins_Big_Sagebrush_Steppe",874.9701,"Inter Mountain Basins Big Sagebrush Steppe",722894,"CES304.778",5454,181241.4852,0.0048,"6.2.3","6.2.3"
"107","Columbia Plateau",109,7080,"Inter_Mountain_Basins_Big_Sagebrush_Shrubland",18080.7633,"Inter Mountain Basins Big Sagebrush Shrubland",722895,"CES304.777",5257,282536.1486,0.064,"10.1.2","10.1.2"
"108","Columbia Plateau",110,7081,"Inter_Mountain_Basins_Mixed_Salt_Desert_Scrub",17.0586,"Inter Mountain Basins Mixed Salt Desert Scrub",722888,"CES304.784",5258,96871.1967,2e-04,"10.1.2","10.1.2"
"109","Columbia Plateau",108,7126,"Inter_Mountain_Basins_Montane_Sagebrush_Steppe",1773.0009,"Inter Mountain Basins Montane Sagebrush Steppe",722887,"CES304.785",5455,85442.3397,0.0208,"10.1.2","10.1.2"
"110","Columbia Plateau",113,7017,"Columbia_Plateau_Western_Juniper_Woodland_and_Savanna",6.0345,"Columbia Plateau Western Juniper Woodland and Savanna",740155,"CES304.082",4204,7901.0883,8e-04,"10.1.2","10.1.2"
"111","Columbia Plateau",111,7079,"Great_Basin_Xeric_Mixed_Sagebrush_Shrubland",0.2025,"Great Basin Xeric Mixed Sagebrush Shrubland",722898,"CES304.774",5256,62531.1171,0,"10.1.2","10.1.2"
"112","Columbia Plateau",112,7125,"Inter_Mountain_Basins_Big_Sagebrush_Steppe",20320.146,"Inter Mountain Basins Big Sagebrush Steppe",722894,"CES304.778",5454,181241.4852,0.1121,"10.1.2","10.1.2"
"113","Columbia Plateau",107,7061,"Inter_Mountain_Basins_Aspen_Mixed_Conifer_Forest_and_Woodland",2.9403,"Inter Mountain Basins Aspen Mixed Conifer Forest and Woodland",722896,"CES304.776",4302,27965.5092,1e-04,"10.1.2","10.1.2"
"114","Cross Timbers",114,7423,"Southeastern_Great_Plains_Tallgrass_Prairie",17588.3238,"Southeastern Great Plains Tallgrass Prairie",722974,"CES205.685",7136,108029.6757,0.1628,"9.4.5","9.4.5"
"115","Cross Timbers",115,7364,"Ozark_Ouachita_Dry_Oak_Woodland",0.0081,"Ozark Ouachita Dry Oak Woodland",722953,"CES202.707",4306,58336.0137,0,"9.4.5","9.4.5"
"116","Driftless Area",116,7310,"North_Central_Interior_Dry_Mesic_Oak_Forest_and_Woodland",7617.969,"North Central Interior Dry Mesic Oak Forest and Woodland",722663,"CES202.046",4116,141605.9334,0.0538,"8.1.5","8.1.5"
"117","Driftless Area",117,7421,"Central_Tallgrass_Prairie",7499.2716,"Central Tallgrass Prairie",722976,"CES205.683",7134,241651.1556,0.031,"8.1.5","8.1.5"
"118","East Central Texas Plains",118,7423,"Southeastern_Great_Plains_Tallgrass_Prairie",172.7892,"Southeastern Great Plains Tallgrass Prairie",722974,"CES205.685",7136,108029.6757,0.0016,"8.3.8","8.3.8"
"119","Eastern Cascades Slopes and Foothills",122,7081,"Inter_Mountain_Basins_Mixed_Salt_Desert_Scrub",82.2879,"Inter Mountain Basins Mixed Salt Desert Scrub",722888,"CES304.784",5258,96871.1967,8e-04,"6.2.8","6.2.8"
"120","Eastern Cascades Slopes and Foothills",123,7079,"Great_Basin_Xeric_Mixed_Sagebrush_Shrubland",333.6795,"Great Basin Xeric Mixed Sagebrush Shrubland",722898,"CES304.774",5256,62531.1171,0.0053,"6.2.8","6.2.8"
"121","Eastern Cascades Slopes and Foothills",124,7125,"Inter_Mountain_Basins_Big_Sagebrush_Steppe",2858.8869,"Inter Mountain Basins Big Sagebrush Steppe",722894,"CES304.778",5454,181241.4852,0.0158,"6.2.8","6.2.8"
"122","Eastern Cascades Slopes and Foothills",125,7019,"Great_Basin_Pinyon_Juniper_Woodland",85.5522,"Great Basin Pinyon Juniper Woodland",722899,"CES304.773",4206,22745.7234,0.0038,"6.2.8","6.2.8"
"123","Eastern Cascades Slopes and Foothills",121,7017,"Columbia_Plateau_Western_Juniper_Woodland_and_Savanna",3143.9016,"Columbia Plateau Western Juniper Woodland and Savanna",740155,"CES304.082",4204,7901.0883,0.3979,"6.2.8","6.2.8"
"124","Eastern Cascades Slopes and Foothills",119,7126,"Inter_Mountain_Basins_Montane_Sagebrush_Steppe",805.8366,"Inter Mountain Basins Montane Sagebrush Steppe",722887,"CES304.785",5455,85442.3397,0.0094,"6.2.8","6.2.8"
"125","Eastern Cascades Slopes and Foothills",120,7080,"Inter_Mountain_Basins_Big_Sagebrush_Shrubland",5231.1501,"Inter Mountain Basins Big Sagebrush Shrubland",722895,"CES304.777",5257,282536.1486,0.0185,"6.2.8","6.2.8"
"126","Eastern Corn Belt Plains",127,7313,"North_Central_Interior_Beech_Maple_Forest_",39759.8625,"North Central Interior Beech Maple Forest ",722966,"CES202.693",4119,83328.2964,0.4771,"8.2.4","8.2.4"
"127","Eastern Corn Belt Plains",126,7421,"Central_Tallgrass_Prairie",1681.5033,"Central Tallgrass Prairie",722976,"CES205.683",7134,241651.1556,0.007,"8.2.4","8.2.4"
"128","Eastern Corn Belt Plains",128,7310,"North_Central_Interior_Dry_Mesic_Oak_Forest_and_Woodland",18652.3155,"North Central Interior Dry Mesic Oak Forest and Woodland",722663,"CES202.046",4116,141605.9334,0.1317,"8.2.4","8.2.4"
"129","Eastern Great Lakes and Hudson Lowlands",129,7313,"North_Central_Interior_Beech_Maple_Forest_",810.3645,"North Central Interior Beech Maple Forest ",722966,"CES202.693",4119,83328.2964,0.0097,"8.1.1","8.1.1"
"130","Eastern Great Lakes and Hudson Lowlands",130,7310,"North_Central_Interior_Dry_Mesic_Oak_Forest_and_Woodland",261.8649,"North Central Interior Dry Mesic Oak Forest and Woodland",722663,"CES202.046",4116,141605.9334,0.0018,"8.1.1","8.1.1"
"131","Edwards Plateau",131,7149,"Western_Great_Plains_Shortgrass_Prairie",3232.2483,"Western Great Plains Shortgrass Prairie",722986,"CES303.672",7122,259073.154,0.0125,"9.4.6","9.4.6"
"132","Edwards Plateau",132,7054,"Southern_Rocky_Mountain_Ponderosa_Pine_Woodland",6.885,"Southern Rocky Mountain Ponderosa Pine Woodland",797980,"CES306.648",4241,38899.4481,2e-04,"9.4.6","9.4.6"
"133","Erie Drift Plain",134,7310,"North_Central_Interior_Dry_Mesic_Oak_Forest_and_Woodland",1757.0844,"North Central Interior Dry Mesic Oak Forest and Woodland",722663,"CES202.046",4116,141605.9334,0.0124,"8.1.10","8.1.10"
"134","Erie Drift Plain",133,7313,"North_Central_Interior_Beech_Maple_Forest_",10714.0158,"North Central Interior Beech Maple Forest ",722966,"CES202.693",4119,83328.2964,0.1286,"8.1.10","8.1.10"
"135","Flint Hills",136,7421,"Central_Tallgrass_Prairie",2032.0713,"Central Tallgrass Prairie",722976,"CES205.683",7134,241651.1556,0.0084,"9.4.4","9.4.4"
"136","Flint Hills",135,7423,"Southeastern_Great_Plains_Tallgrass_Prairie",17758.4805,"Southeastern Great Plains Tallgrass Prairie",722974,"CES205.685",7136,108029.6757,0.1644,"9.4.4","9.4.4"
"137","Flint Hills",137,7310,"North_Central_Interior_Dry_Mesic_Oak_Forest_and_Woodland",360.4824,"North Central Interior Dry Mesic Oak Forest and Woodland",722663,"CES202.046",4116,141605.9334,0.0025,"9.4.4","9.4.4"
"138","High Plains",140,7107,"Rocky_Mountain_Gambel_Oak_Mixed_Montane_Shrubland",98.982,"Rocky Mountain Gambel Oak Mixed Montane Shrubland",722855,"CES306.818",5313,19905.7419,0.005,"9.4.1","9.4.1"
"139","High Plains",138,7081,"Inter_Mountain_Basins_Mixed_Salt_Desert_Scrub",186.786,"Inter Mountain Basins Mixed Salt Desert Scrub",722888,"CES304.784",5258,96871.1967,0.0019,"9.4.1","9.4.1"
"140","High Plains",139,7054,"Southern_Rocky_Mountain_Ponderosa_Pine_Woodland",205.6428,"Southern Rocky Mountain Ponderosa Pine Woodland",797980,"CES306.648",4241,38899.4481,0.0053,"9.4.1","9.4.1"
"141","High Plains",144,7080,"Inter_Mountain_Basins_Big_Sagebrush_Shrubland",47.4012,"Inter Mountain Basins Big Sagebrush Shrubland",722895,"CES304.777",5257,282536.1486,2e-04,"9.4.1","9.4.1"
"142","High Plains",141,7146,"Southern_Rocky_Mountain_Montane_Subalpine_Grassland",0.9558,"Southern Rocky Mountain Montane Subalpine Grassland",722849,"CES306.824",7119,3086.9586,3e-04,"9.4.1","9.4.1"
"143","High Plains",142,7141,"Northwestern_Great_Plains_Mixedgrass_Prairie",9731.8746,"Northwestern Great Plains Mixedgrass Prairie",722984,"CES303.674",7114,425532.0987,0.0229,"9.4.1","9.4.1"
"144","High Plains",143,7147,"Western_Great_Plains_Foothill_and_Piedmont_Grassland",1014.3711,"Western Great Plains Foothill and Piedmont Grassland",722856,"CES303.817",7120,12692.0763,0.0799,"9.4.1","9.4.1"
"145","High Plains",148,7126,"Inter_Mountain_Basins_Montane_Sagebrush_Steppe",20.4768,"Inter Mountain Basins Montane Sagebrush Steppe",722887,"CES304.785",5455,85442.3397,2e-04,"9.4.1","9.4.1"
"146","High Plains",149,7421,"Central_Tallgrass_Prairie",7.0227,"Central Tallgrass Prairie",722976,"CES205.683",7134,241651.1556,0,"9.4.1","9.4.1"
"147","High Plains",150,7125,"Inter_Mountain_Basins_Big_Sagebrush_Steppe",871.0092,"Inter Mountain Basins Big Sagebrush Steppe",722894,"CES304.778",5454,181241.4852,0.0048,"9.4.1","9.4.1"
"148","High Plains",151,7066,"Inter_Mountain_Basins_Mat_Saltbush_Shrubland",1.3203,"Inter Mountain Basins Mat Saltbush Shrubland",722889,"CES304.783",5203,10939.5846,1e-04,"9.4.1","9.4.1"
"149","High Plains",146,7061,"Inter_Mountain_Basins_Aspen_Mixed_Conifer_Forest_and_Woodland",1.7496,"Inter Mountain Basins Aspen Mixed Conifer Forest and Woodland",722896,"CES304.776",4302,27965.5092,1e-04,"9.4.1","9.4.1"
"150","High Plains",147,7149,"Western_Great_Plains_Shortgrass_Prairie",155168.3304,"Western Great Plains Shortgrass Prairie",722986,"CES303.672",7122,259073.154,0.5989,"9.4.1","9.4.1"
"151","High Plains",145,7051,"Southern_Rocky_Mountain_Dry_Mesic_Montane_Mixed_Conifer_Forest_and_Woodland",17.6175,"Southern Rocky Mountain Dry Mesic Montane Mixed Conifer Forest and Woodland",722850,"CES306.823",4238,15486.9894,0.0011,"9.4.1","9.4.1"
"152","Huron/Erie Lake Plains",154,7421,"Central_Tallgrass_Prairie",0.0891,"Central Tallgrass Prairie",722976,"CES205.683",7134,241651.1556,0,"8.2.2","8.2.2"
"153","Huron/Erie Lake Plains",152,7313,"North_Central_Interior_Beech_Maple_Forest_",9778.0851,"North Central Interior Beech Maple Forest ",722966,"CES202.693",4119,83328.2964,0.1173,"8.2.2","8.2.2"
"154","Huron/Erie Lake Plains",153,7310,"North_Central_Interior_Dry_Mesic_Oak_Forest_and_Woodland",1623.3615,"North Central Interior Dry Mesic Oak Forest and Woodland",722663,"CES202.046",4116,141605.9334,0.0115,"8.2.2","8.2.2"
"155","Idaho Batholith",158,7126,"Inter_Mountain_Basins_Montane_Sagebrush_Steppe",5784.7527,"Inter Mountain Basins Montane Sagebrush Steppe",722887,"CES304.785",5455,85442.3397,0.0677,"6.2.15","6.2.15"
"156","Idaho Batholith",155,7125,"Inter_Mountain_Basins_Big_Sagebrush_Steppe",792.3177,"Inter Mountain Basins Big Sagebrush Steppe",722894,"CES304.778",5454,181241.4852,0.0044,"6.2.15","6.2.15"
"157","Idaho Batholith",156,7061,"Inter_Mountain_Basins_Aspen_Mixed_Conifer_Forest_and_Woodland",0.5508,"Inter Mountain Basins Aspen Mixed Conifer Forest and Woodland",722896,"CES304.776",4302,27965.5092,0,"6.2.15","6.2.15"
"158","Idaho Batholith",157,7079,"Great_Basin_Xeric_Mixed_Sagebrush_Shrubland",1.1178,"Great Basin Xeric Mixed Sagebrush Shrubland",722898,"CES304.774",5256,62531.1171,0,"6.2.15","6.2.15"
"159","Idaho Batholith",161,7081,"Inter_Mountain_Basins_Mixed_Salt_Desert_Scrub",3.5883,"Inter Mountain Basins Mixed Salt Desert Scrub",722888,"CES304.784",5258,96871.1967,0,"6.2.15","6.2.15"
"160","Idaho Batholith",159,7019,"Great_Basin_Pinyon_Juniper_Woodland",0.2673,"Great Basin Pinyon Juniper Woodland",722899,"CES304.773",4206,22745.7234,0,"6.2.15","6.2.15"
"161","Idaho Batholith",160,7080,"Inter_Mountain_Basins_Big_Sagebrush_Shrubland",172.4733,"Inter Mountain Basins Big Sagebrush Shrubland",722895,"CES304.777",5257,282536.1486,6e-04,"6.2.15","6.2.15"
"162","Interior Plateau",163,7310,"North_Central_Interior_Dry_Mesic_Oak_Forest_and_Woodland",2279.1618,"North Central Interior Dry Mesic Oak Forest and Woodland",722663,"CES202.046",4116,141605.9334,0.0161,"8.3.3","8.3.3"
"163","Interior Plateau",162,7421,"Central_Tallgrass_Prairie",11.0484,"Central Tallgrass Prairie",722976,"CES205.683",7134,241651.1556,0,"8.3.3","8.3.3"
"164","Interior Plateau",164,7364,"Ozark_Ouachita_Dry_Oak_Woodland",18.5976,"Ozark Ouachita Dry Oak Woodland",722953,"CES202.707",4306,58336.0137,3e-04,"8.3.3","8.3.3"
"165","Interior Plateau",165,7313,"North_Central_Interior_Beech_Maple_Forest_",238.1967,"North Central Interior Beech Maple Forest ",722966,"CES202.693",4119,83328.2964,0.0029,"8.3.3","8.3.3"
"166","Interior River Valleys and Hills",167,7313,"North_Central_Interior_Beech_Maple_Forest_",499.041,"North Central Interior Beech Maple Forest ",722966,"CES202.693",4119,83328.2964,0.006,"8.3.2","8.3.2"
"167","Interior River Valleys and Hills",166,7364,"Ozark_Ouachita_Dry_Oak_Woodland",337.6728,"Ozark Ouachita Dry Oak Woodland",722953,"CES202.707",4306,58336.0137,0.0058,"8.3.2","8.3.2"
"168","Interior River Valleys and Hills",168,7423,"Southeastern_Great_Plains_Tallgrass_Prairie",3.0861,"Southeastern Great Plains Tallgrass Prairie",722974,"CES205.685",7136,108029.6757,0,"8.3.2","8.3.2"
"169","Interior River Valleys and Hills",169,7310,"North_Central_Interior_Dry_Mesic_Oak_Forest_and_Woodland",28015.9317,"North Central Interior Dry Mesic Oak Forest and Woodland",722663,"CES202.046",4116,141605.9334,0.1978,"8.3.2","8.3.2"
"170","Interior River Valleys and Hills",170,7421,"Central_Tallgrass_Prairie",35528.8518,"Central Tallgrass Prairie",722976,"CES205.683",7134,241651.1556,0.147,"8.3.2","8.3.2"
"171","Klamath Mountains",171,7080,"Inter_Mountain_Basins_Big_Sagebrush_Shrubland",4.8438,"Inter Mountain Basins Big Sagebrush Shrubland",722895,"CES304.777",5257,282536.1486,0,"6.2.11","6.2.11"
"172","Klamath Mountains",174,7125,"Inter_Mountain_Basins_Big_Sagebrush_Steppe",0.6561,"Inter Mountain Basins Big Sagebrush Steppe",722894,"CES304.778",5454,181241.4852,0,"6.2.11","6.2.11"
"173","Klamath Mountains",172,7017,"Columbia_Plateau_Western_Juniper_Woodland_and_Savanna",56.3841,"Columbia Plateau Western Juniper Woodland and Savanna",740155,"CES304.082",4204,7901.0883,0.0071,"6.2.11","6.2.11"
"174","Klamath Mountains",173,7126,"Inter_Mountain_Basins_Montane_Sagebrush_Steppe",2.3004,"Inter Mountain Basins Montane Sagebrush Steppe",722887,"CES304.785",5455,85442.3397,0,"6.2.11","6.2.11"
"175","Lake Erie Lowland",176,7310,"North_Central_Interior_Dry_Mesic_Oak_Forest_and_Woodland",3.5802,"North Central Interior Dry Mesic Oak Forest and Woodland",722663,"CES202.046",4116,141605.9334,0,"8.1.2","8.1.2"
"176","Lake Erie Lowland",175,7313,"North_Central_Interior_Beech_Maple_Forest_",170.4726,"North Central Interior Beech Maple Forest ",722966,"CES202.693",4119,83328.2964,0.002,"8.1.2","8.1.2"
"177","Lake Manitoba and Lake Agassiz Plain",177,7310,"North_Central_Interior_Dry_Mesic_Oak_Forest_and_Woodland",38.6127,"North Central Interior Dry Mesic Oak Forest and Woodland",722663,"CES202.046",4116,141605.9334,3e-04,"9.2.2","9.2.2"
"178","Lake Manitoba and Lake Agassiz Plain",178,7141,"Northwestern_Great_Plains_Mixedgrass_Prairie",20.3148,"Northwestern Great Plains Mixedgrass Prairie",722984,"CES303.674",7114,425532.0987,0,"9.2.2","9.2.2"
"179","Madrean Archipelago",180,7107,"Rocky_Mountain_Gambel_Oak_Mixed_Montane_Shrubland",0.567,"Rocky Mountain Gambel Oak Mixed Montane Shrubland",722855,"CES306.818",5313,19905.7419,0,"12.1.1","12.1.1"
"180","Madrean Archipelago",179,7051,"Southern_Rocky_Mountain_Dry_Mesic_Montane_Mixed_Conifer_Forest_and_Woodland",46.4535,"Southern Rocky Mountain Dry Mesic Montane Mixed Conifer Forest and Woodland",722850,"CES306.823",4238,15486.9894,0.003,"12.1.1","12.1.1"
"181","Madrean Archipelago",184,7146,"Southern_Rocky_Mountain_Montane_Subalpine_Grassland",4.5036,"Southern Rocky Mountain Montane Subalpine Grassland",722849,"CES306.824",7119,3086.9586,0.0015,"12.1.1","12.1.1"
"182","Madrean Archipelago",181,7054,"Southern_Rocky_Mountain_Ponderosa_Pine_Woodland",110.1033,"Southern Rocky Mountain Ponderosa Pine Woodland",797980,"CES306.648",4241,38899.4481,0.0028,"12.1.1","12.1.1"
"183","Madrean Archipelago",182,7080,"Inter_Mountain_Basins_Big_Sagebrush_Shrubland",7.0713,"Inter Mountain Basins Big Sagebrush Shrubland",722895,"CES304.777",5257,282536.1486,0,"12.1.1","12.1.1"
"184","Madrean Archipelago",183,7052,"Southern_Rocky_Mountain_Mesic_Montane_Mixed_Conifer_Forest_and_Woodland",52.0425,"Southern Rocky Mountain Mesic Montane Mixed Conifer Forest and Woodland",722848,"CES306.825",4239,8992.6605,0.0058,"12.1.1","12.1.1"
"185","Madrean Archipelago",186,7081,"Inter_Mountain_Basins_Mixed_Salt_Desert_Scrub",33.0642,"Inter Mountain Basins Mixed Salt Desert Scrub",722888,"CES304.784",5258,96871.1967,3e-04,"12.1.1","12.1.1"
"186","Madrean Archipelago",185,7019,"Great_Basin_Pinyon_Juniper_Woodland",0.0324,"Great Basin Pinyon Juniper Woodland",722899,"CES304.773",4206,22745.7234,0,"12.1.1","12.1.1"
"187","Middle Rockies",189,7149,"Western_Great_Plains_Shortgrass_Prairie",6.4233,"Western Great Plains Shortgrass Prairie",722986,"CES303.672",7122,259073.154,0,"6.2.10","6.2.10"
"188","Middle Rockies",190,7125,"Inter_Mountain_Basins_Big_Sagebrush_Steppe",10746.9099,"Inter Mountain Basins Big Sagebrush Steppe",722894,"CES304.778",5454,181241.4852,0.0593,"6.2.10","6.2.10"
"189","Middle Rockies",188,7052,"Southern_Rocky_Mountain_Mesic_Montane_Mixed_Conifer_Forest_and_Woodland",1.4904,"Southern Rocky Mountain Mesic Montane Mixed Conifer Forest and Woodland",722848,"CES306.825",4239,8992.6605,2e-04,"6.2.10","6.2.10"
"190","Middle Rockies",193,7079,"Great_Basin_Xeric_Mixed_Sagebrush_Shrubland",130.6287,"Great Basin Xeric Mixed Sagebrush Shrubland",722898,"CES304.774",5256,62531.1171,0.0021,"6.2.10","6.2.10"
"191","Middle Rockies",194,7054,"Southern_Rocky_Mountain_Ponderosa_Pine_Woodland",0.5427,"Southern Rocky Mountain Ponderosa Pine Woodland",797980,"CES306.648",4241,38899.4481,0,"6.2.10","6.2.10"
"192","Middle Rockies",191,7081,"Inter_Mountain_Basins_Mixed_Salt_Desert_Scrub",261.711,"Inter Mountain Basins Mixed Salt Desert Scrub",722888,"CES304.784",5258,96871.1967,0.0027,"6.2.10","6.2.10"
"193","Middle Rockies",192,7126,"Inter_Mountain_Basins_Montane_Sagebrush_Steppe",15971.0616,"Inter Mountain Basins Montane Sagebrush Steppe",722887,"CES304.785",5455,85442.3397,0.1869,"6.2.10","6.2.10"
"194","Middle Rockies",197,7080,"Inter_Mountain_Basins_Big_Sagebrush_Shrubland",6134.3811,"Inter Mountain Basins Big Sagebrush Shrubland",722895,"CES304.777",5257,282536.1486,0.0217,"6.2.10","6.2.10"
"195","Middle Rockies",198,7061,"Inter_Mountain_Basins_Aspen_Mixed_Conifer_Forest_and_Woodland",297.2619,"Inter Mountain Basins Aspen Mixed Conifer Forest and Woodland",722896,"CES304.776",4302,27965.5092,0.0106,"6.2.10","6.2.10"
"196","Middle Rockies",195,7141,"Northwestern_Great_Plains_Mixedgrass_Prairie",5226.1281,"Northwestern Great Plains Mixedgrass Prairie",722984,"CES303.674",7114,425532.0987,0.0123,"6.2.10","6.2.10"
"197","Middle Rockies",196,7051,"Southern_Rocky_Mountain_Dry_Mesic_Montane_Mixed_Conifer_Forest_and_Woodland",1.4904,"Southern Rocky Mountain Dry Mesic Montane Mixed Conifer Forest and Woodland",722850,"CES306.823",4238,15486.9894,1e-04,"6.2.10","6.2.10"
"198","Middle Rockies",187,7066,"Inter_Mountain_Basins_Mat_Saltbush_Shrubland",0.0891,"Inter Mountain Basins Mat Saltbush Shrubland",722889,"CES304.783",5203,10939.5846,0,"6.2.10","6.2.10"
"199","Middle Rockies",199,7019,"Great_Basin_Pinyon_Juniper_Woodland",3.1428,"Great Basin Pinyon Juniper Woodland",722899,"CES304.773",4206,22745.7234,1e-04,"6.2.10","6.2.10"
"200","Mississippi Alluvial Plain",202,7310,"North_Central_Interior_Dry_Mesic_Oak_Forest_and_Woodland",54.6588,"North Central Interior Dry Mesic Oak Forest and Woodland",722663,"CES202.046",4116,141605.9334,4e-04,"8.5.2","8.5.2"
"201","Mississippi Alluvial Plain",200,7364,"Ozark_Ouachita_Dry_Oak_Woodland",377.9784,"Ozark Ouachita Dry Oak Woodland",722953,"CES202.707",4306,58336.0137,0.0065,"8.5.2","8.5.2"
"202","Mississippi Alluvial Plain",201,7421,"Central_Tallgrass_Prairie",74.3175,"Central Tallgrass Prairie",722976,"CES205.683",7134,241651.1556,3e-04,"8.5.2","8.5.2"
"203","Mississippi Valley Loess Plains",203,7364,"Ozark_Ouachita_Dry_Oak_Woodland",6.9174,"Ozark Ouachita Dry Oak Woodland",722953,"CES202.707",4306,58336.0137,1e-04,"8.3.6","8.3.6"
"204","Mojave Basin and Range",207,7019,"Great_Basin_Pinyon_Juniper_Woodland",2230.5618,"Great Basin Pinyon Juniper Woodland",722899,"CES304.773",4206,22745.7234,0.0981,"10.2.1","10.2.1"
"205","Mojave Basin and Range",204,7107,"Rocky_Mountain_Gambel_Oak_Mixed_Montane_Shrubland",126.6516,"Rocky Mountain Gambel Oak Mixed Montane Shrubland",722855,"CES306.818",5313,19905.7419,0.0064,"10.2.1","10.2.1"
"206","Mojave Basin and Range",205,7052,"Southern_Rocky_Mountain_Mesic_Montane_Mixed_Conifer_Forest_and_Woodland",95.6934,"Southern Rocky Mountain Mesic Montane Mixed Conifer Forest and Woodland",722848,"CES306.825",4239,8992.6605,0.0106,"10.2.1","10.2.1"
"207","Mojave Basin and Range",206,7054,"Southern_Rocky_Mountain_Ponderosa_Pine_Woodland",123.2172,"Southern Rocky Mountain Ponderosa Pine Woodland",797980,"CES306.648",4241,38899.4481,0.0032,"10.2.1","10.2.1"
"208","Mojave Basin and Range",211,7081,"Inter_Mountain_Basins_Mixed_Salt_Desert_Scrub",172.0845,"Inter Mountain Basins Mixed Salt Desert Scrub",722888,"CES304.784",5258,96871.1967,0.0018,"10.2.1","10.2.1"
"209","Mojave Basin and Range",208,7126,"Inter_Mountain_Basins_Montane_Sagebrush_Steppe",112.8249,"Inter Mountain Basins Montane Sagebrush Steppe",722887,"CES304.785",5455,85442.3397,0.0013,"10.2.1","10.2.1"
"210","Mojave Basin and Range",209,7080,"Inter_Mountain_Basins_Big_Sagebrush_Shrubland",496.5543,"Inter Mountain Basins Big Sagebrush Shrubland",722895,"CES304.777",5257,282536.1486,0.0018,"10.2.1","10.2.1"
"211","Mojave Basin and Range",210,7079,"Great_Basin_Xeric_Mixed_Sagebrush_Shrubland",1388.9556,"Great Basin Xeric Mixed Sagebrush Shrubland",722898,"CES304.774",5256,62531.1171,0.0222,"10.2.1","10.2.1"
"212","Mojave Basin and Range",212,7061,"Inter_Mountain_Basins_Aspen_Mixed_Conifer_Forest_and_Woodland",3.0537,"Inter Mountain Basins Aspen Mixed Conifer Forest and Woodland",722896,"CES304.776",4302,27965.5092,1e-04,"10.2.1","10.2.1"
"213","Mojave Basin and Range",213,7066,"Inter_Mountain_Basins_Mat_Saltbush_Shrubland",0.3159,"Inter Mountain Basins Mat Saltbush Shrubland",722889,"CES304.783",5203,10939.5846,0,"10.2.1","10.2.1"
"214","Nebraska Sand Hills",215,7141,"Northwestern_Great_Plains_Mixedgrass_Prairie",430.9524,"Northwestern Great Plains Mixedgrass Prairie",722984,"CES303.674",7114,425532.0987,0.001,"9.3.4","9.3.4"
"215","Nebraska Sand Hills",216,7054,"Southern_Rocky_Mountain_Ponderosa_Pine_Woodland",0.8424,"Southern Rocky Mountain Ponderosa Pine Woodland",797980,"CES306.648",4241,38899.4481,0,"9.3.4","9.3.4"
"216","Nebraska Sand Hills",214,7149,"Western_Great_Plains_Shortgrass_Prairie",290.3931,"Western Great Plains Shortgrass Prairie",722986,"CES303.672",7122,259073.154,0.0011,"9.3.4","9.3.4"
"217","Nebraska Sand Hills",217,7421,"Central_Tallgrass_Prairie",4529.7549,"Central Tallgrass Prairie",722976,"CES205.683",7134,241651.1556,0.0187,"9.3.4","9.3.4"
"218","North Cascades",220,7126,"Inter_Mountain_Basins_Montane_Sagebrush_Steppe",101.7765,"Inter Mountain Basins Montane Sagebrush Steppe",722887,"CES304.785",5455,85442.3397,0.0012,"6.2.5","6.2.5"
"219","North Cascades",218,7080,"Inter_Mountain_Basins_Big_Sagebrush_Shrubland",135.3915,"Inter Mountain Basins Big Sagebrush Shrubland",722895,"CES304.777",5257,282536.1486,5e-04,"6.2.5","6.2.5"
"220","North Cascades",219,7125,"Inter_Mountain_Basins_Big_Sagebrush_Steppe",496.5057,"Inter Mountain Basins Big Sagebrush Steppe",722894,"CES304.778",5454,181241.4852,0.0027,"6.2.5","6.2.5"
"221","North Central Appalachians",221,7310,"North_Central_Interior_Dry_Mesic_Oak_Forest_and_Woodland",0.3159,"North Central Interior Dry Mesic Oak Forest and Woodland",722663,"CES202.046",4116,141605.9334,0,"5.3.3","5.3.3"
"222","North Central Appalachians",222,7313,"North_Central_Interior_Beech_Maple_Forest_",21.87,"North Central Interior Beech Maple Forest ",722966,"CES202.693",4119,83328.2964,3e-04,"5.3.3","5.3.3"
"223","North Central Hardwood Forests",224,7421,"Central_Tallgrass_Prairie",438.1614,"Central Tallgrass Prairie",722976,"CES205.683",7134,241651.1556,0.0018,"8.1.4","8.1.4"
"224","North Central Hardwood Forests",223,7313,"North_Central_Interior_Beech_Maple_Forest_",0.0567,"North Central Interior Beech Maple Forest ",722966,"CES202.693",4119,83328.2964,0,"8.1.4","8.1.4"
"225","North Central Hardwood Forests",225,7310,"North_Central_Interior_Dry_Mesic_Oak_Forest_and_Woodland",4986.603,"North Central Interior Dry Mesic Oak Forest and Woodland",722663,"CES202.046",4116,141605.9334,0.0352,"8.1.4","8.1.4"
"226","Northern Appalachian Plateau and Uplands",226,7310,"North_Central_Interior_Dry_Mesic_Oak_Forest_and_Woodland",0.0486,"North Central Interior Dry Mesic Oak Forest and Woodland",722663,"CES202.046",4116,141605.9334,0,"8.1.3","8.1.3"
"227","Northern Appalachian Plateau and Uplands",227,7313,"North_Central_Interior_Beech_Maple_Forest_",14.8149,"North Central Interior Beech Maple Forest ",722966,"CES202.693",4119,83328.2964,2e-04,"8.1.3","8.1.3"
"228","Northern Basin and Range",230,7052,"Southern_Rocky_Mountain_Mesic_Montane_Mixed_Conifer_Forest_and_Woodland",199.0008,"Southern Rocky Mountain Mesic Montane Mixed Conifer Forest and Woodland",722848,"CES306.825",4239,8992.6605,0.0221,"10.1.3","10.1.3"
"229","Northern Basin and Range",231,7019,"Great_Basin_Pinyon_Juniper_Woodland",1198.6866,"Great Basin Pinyon Juniper Woodland",722899,"CES304.773",4206,22745.7234,0.0527,"10.1.3","10.1.3"
"230","Northern Basin and Range",229,7061,"Inter_Mountain_Basins_Aspen_Mixed_Conifer_Forest_and_Woodland",818.1081,"Inter Mountain Basins Aspen Mixed Conifer Forest and Woodland",722896,"CES304.776",4302,27965.5092,0.0293,"10.1.3","10.1.3"
"231","Northern Basin and Range",234,7051,"Southern_Rocky_Mountain_Dry_Mesic_Montane_Mixed_Conifer_Forest_and_Woodland",26.1144,"Southern Rocky Mountain Dry Mesic Montane Mixed Conifer Forest and Woodland",722850,"CES306.823",4238,15486.9894,0.0017,"10.1.3","10.1.3"
"232","Northern Basin and Range",235,7125,"Inter_Mountain_Basins_Big_Sagebrush_Steppe",32139.2691,"Inter Mountain Basins Big Sagebrush Steppe",722894,"CES304.778",5454,181241.4852,0.1773,"10.1.3","10.1.3"
"233","Northern Basin and Range",232,7017,"Columbia_Plateau_Western_Juniper_Woodland_and_Savanna",1666.4778,"Columbia Plateau Western Juniper Woodland and Savanna",740155,"CES304.082",4204,7901.0883,0.2109,"10.1.3","10.1.3"
"234","Northern Basin and Range",233,7079,"Great_Basin_Xeric_Mixed_Sagebrush_Shrubland",9304.2432,"Great Basin Xeric Mixed Sagebrush Shrubland",722898,"CES304.774",5256,62531.1171,0.1488,"10.1.3","10.1.3"
"235","Northern Basin and Range",238,7126,"Inter_Mountain_Basins_Montane_Sagebrush_Steppe",12052.7109,"Inter Mountain Basins Montane Sagebrush Steppe",722887,"CES304.785",5455,85442.3397,0.1411,"10.1.3","10.1.3"
"236","Northern Basin and Range",239,7081,"Inter_Mountain_Basins_Mixed_Salt_Desert_Scrub",1344.519,"Inter Mountain Basins Mixed Salt Desert Scrub",722888,"CES304.784",5258,96871.1967,0.0139,"10.1.3","10.1.3"
"237","Northern Basin and Range",236,7080,"Inter_Mountain_Basins_Big_Sagebrush_Shrubland",46044.0531,"Inter Mountain Basins Big Sagebrush Shrubland",722895,"CES304.777",5257,282536.1486,0.163,"10.1.3","10.1.3"
"238","Northern Basin and Range",237,7146,"Southern_Rocky_Mountain_Montane_Subalpine_Grassland",3.0051,"Southern Rocky Mountain Montane Subalpine Grassland",722849,"CES306.824",7119,3086.9586,0.001,"10.1.3","10.1.3"
"239","Northern Basin and Range",228,7107,"Rocky_Mountain_Gambel_Oak_Mixed_Montane_Shrubland",35.3889,"Rocky Mountain Gambel Oak Mixed Montane Shrubland",722855,"CES306.818",5313,19905.7419,0.0018,"10.1.3","10.1.3"
"240","Northern Lakes and Forests",242,7421,"Central_Tallgrass_Prairie",0.405,"Central Tallgrass Prairie",722976,"CES205.683",7134,241651.1556,0,"5.2.1","5.2.1"
"241","Northern Lakes and Forests",240,7313,"North_Central_Interior_Beech_Maple_Forest_",1.5795,"North Central Interior Beech Maple Forest ",722966,"CES202.693",4119,83328.2964,0,"5.2.1","5.2.1"
"242","Northern Lakes and Forests",241,7310,"North_Central_Interior_Dry_Mesic_Oak_Forest_and_Woodland",1608.2631,"North Central Interior Dry Mesic Oak Forest and Woodland",722663,"CES202.046",4116,141605.9334,0.0114,"5.2.1","5.2.1"
"243","Northern Minnesota Wetlands",243,7310,"North_Central_Interior_Dry_Mesic_Oak_Forest_and_Woodland",14.9202,"North Central Interior Dry Mesic Oak Forest and Woodland",722663,"CES202.046",4116,141605.9334,1e-04,"5.2.2","5.2.2"
"244","Northwestern Glaciated Plains",244,7054,"Southern_Rocky_Mountain_Ponderosa_Pine_Woodland",0.1053,"Southern Rocky Mountain Ponderosa Pine Woodland",797980,"CES306.648",4241,38899.4481,0,"9.3.1","9.3.1"
"245","Northwestern Glaciated Plains",248,7061,"Inter_Mountain_Basins_Aspen_Mixed_Conifer_Forest_and_Woodland",0.891,"Inter Mountain Basins Aspen Mixed Conifer Forest and Woodland",722896,"CES304.776",4302,27965.5092,0,"9.3.1","9.3.1"
"246","Northwestern Glaciated Plains",245,7141,"Northwestern_Great_Plains_Mixedgrass_Prairie",130250.7135,"Northwestern Great Plains Mixedgrass Prairie",722984,"CES303.674",7114,425532.0987,0.3061,"9.3.1","9.3.1"
"247","Northwestern Glaciated Plains",246,7125,"Inter_Mountain_Basins_Big_Sagebrush_Steppe",5542.7247,"Inter Mountain Basins Big Sagebrush Steppe",722894,"CES304.778",5454,181241.4852,0.0306,"9.3.1","9.3.1"
"248","Northwestern Glaciated Plains",247,7126,"Inter_Mountain_Basins_Montane_Sagebrush_Steppe",107.9649,"Inter Mountain Basins Montane Sagebrush Steppe",722887,"CES304.785",5455,85442.3397,0.0013,"9.3.1","9.3.1"
"249","Northwestern Glaciated Plains",249,7080,"Inter_Mountain_Basins_Big_Sagebrush_Shrubland",36.7578,"Inter Mountain Basins Big Sagebrush Shrubland",722895,"CES304.777",5257,282536.1486,1e-04,"9.3.1","9.3.1"
"250","Northwestern Glaciated Plains",250,7421,"Central_Tallgrass_Prairie",1113.4422,"Central Tallgrass Prairie",722976,"CES205.683",7134,241651.1556,0.0046,"9.3.1","9.3.1"
"251","Northwestern Great Plains",252,7061,"Inter_Mountain_Basins_Aspen_Mixed_Conifer_Forest_and_Woodland",4.8519,"Inter Mountain Basins Aspen Mixed Conifer Forest and Woodland",722896,"CES304.776",4302,27965.5092,2e-04,"9.3.3","9.3.3"
"252","Northwestern Great Plains",251,7081,"Inter_Mountain_Basins_Mixed_Salt_Desert_Scrub",1.3203,"Inter Mountain Basins Mixed Salt Desert Scrub",722888,"CES304.784",5258,96871.1967,0,"9.3.3","9.3.3"
"253","Northwestern Great Plains",256,7054,"Southern_Rocky_Mountain_Ponderosa_Pine_Woodland",4.7142,"Southern Rocky Mountain Ponderosa Pine Woodland",797980,"CES306.648",4241,38899.4481,1e-04,"9.3.3","9.3.3"
"254","Northwestern Great Plains",257,7141,"Northwestern_Great_Plains_Mixedgrass_Prairie",203581.917,"Northwestern Great Plains Mixedgrass Prairie",722984,"CES303.674",7114,425532.0987,0.4784,"9.3.3","9.3.3"
"255","Northwestern Great Plains",258,7146,"Southern_Rocky_Mountain_Montane_Subalpine_Grassland",1.4175,"Southern Rocky Mountain Montane Subalpine Grassland",722849,"CES306.824",7119,3086.9586,5e-04,"9.3.3","9.3.3"
"256","Northwestern Great Plains",259,7149,"Western_Great_Plains_Shortgrass_Prairie",3085.6869,"Western Great Plains Shortgrass Prairie",722986,"CES303.672",7122,259073.154,0.0119,"9.3.3","9.3.3"
"257","Northwestern Great Plains",260,7125,"Inter_Mountain_Basins_Big_Sagebrush_Steppe",44528.9238,"Inter Mountain Basins Big Sagebrush Steppe",722894,"CES304.778",5454,181241.4852,0.2457,"9.3.3","9.3.3"
"258","Northwestern Great Plains",261,7066,"Inter_Mountain_Basins_Mat_Saltbush_Shrubland",109.107,"Inter Mountain Basins Mat Saltbush Shrubland",722889,"CES304.783",5203,10939.5846,0.01,"9.3.3","9.3.3"
"259","Northwestern Great Plains",262,7126,"Inter_Mountain_Basins_Montane_Sagebrush_Steppe",2835.8991,"Inter Mountain Basins Montane Sagebrush Steppe",722887,"CES304.785",5455,85442.3397,0.0332,"9.3.3","9.3.3"
"260","Northwestern Great Plains",254,7080,"Inter_Mountain_Basins_Big_Sagebrush_Shrubland",2934.6705,"Inter Mountain Basins Big Sagebrush Shrubland",722895,"CES304.777",5257,282536.1486,0.0104,"9.3.3","9.3.3"
"261","Northwestern Great Plains",255,7421,"Central_Tallgrass_Prairie",338.9526,"Central Tallgrass Prairie",722976,"CES205.683",7134,241651.1556,0.0014,"9.3.3","9.3.3"
"262","Northwestern Great Plains",253,7051,"Southern_Rocky_Mountain_Dry_Mesic_Montane_Mixed_Conifer_Forest_and_Woodland",3.2238,"Southern Rocky Mountain Dry Mesic Montane Mixed Conifer Forest and Woodland",722850,"CES306.823",4238,15486.9894,2e-04,"9.3.3","9.3.3"
"263","Ouachita Mountains",263,7423,"Southeastern_Great_Plains_Tallgrass_Prairie",37.1871,"Southeastern Great Plains Tallgrass Prairie",722974,"CES205.685",7136,108029.6757,3e-04,"8.4.8","8.4.8"
"264","Ouachita Mountains",264,7364,"Ozark_Ouachita_Dry_Oak_Woodland",4451.5656,"Ozark Ouachita Dry Oak Woodland",722953,"CES202.707",4306,58336.0137,0.0763,"8.4.8","8.4.8"
"265","Ozark Highlands",265,7421,"Central_Tallgrass_Prairie",929.3454,"Central Tallgrass Prairie",722976,"CES205.683",7134,241651.1556,0.0038,"8.4.5","8.4.5"
"266","Ozark Highlands",268,7364,"Ozark_Ouachita_Dry_Oak_Woodland",46805.445,"Ozark Ouachita Dry Oak Woodland",722953,"CES202.707",4306,58336.0137,0.8023,"8.4.5","8.4.5"
"267","Ozark Highlands",266,7423,"Southeastern_Great_Plains_Tallgrass_Prairie",4772.6739,"Southeastern Great Plains Tallgrass Prairie",722974,"CES205.685",7136,108029.6757,0.0442,"8.4.5","8.4.5"
"268","Ozark Highlands",267,7310,"North_Central_Interior_Dry_Mesic_Oak_Forest_and_Woodland",766.8027,"North Central Interior Dry Mesic Oak Forest and Woodland",722663,"CES202.046",4116,141605.9334,0.0054,"8.4.5","8.4.5"
"269","S. Michigan/N. Indiana Drift Plains",270,7313,"North_Central_Interior_Beech_Maple_Forest_",20134.0809,"North Central Interior Beech Maple Forest ",722966,"CES202.693",4119,83328.2964,0.2416,"8.1.6","8.1.6"
"270","S. Michigan/N. Indiana Drift Plains",271,7310,"North_Central_Interior_Dry_Mesic_Oak_Forest_and_Woodland",12616.3413,"North Central Interior Dry Mesic Oak Forest and Woodland",722663,"CES202.046",4116,141605.9334,0.0891,"8.1.6","8.1.6"
"271","S. Michigan/N. Indiana Drift Plains",269,7421,"Central_Tallgrass_Prairie",567.8505,"Central Tallgrass Prairie",722976,"CES205.683",7134,241651.1556,0.0023,"8.1.6","8.1.6"
"272","Sierra Nevada",275,7079,"Great_Basin_Xeric_Mixed_Sagebrush_Shrubland",26.4708,"Great Basin Xeric Mixed Sagebrush Shrubland",722898,"CES304.774",5256,62531.1171,4e-04,"6.2.12","6.2.12"
"273","Sierra Nevada",272,7080,"Inter_Mountain_Basins_Big_Sagebrush_Shrubland",464.3973,"Inter Mountain Basins Big Sagebrush Shrubland",722895,"CES304.777",5257,282536.1486,0.0016,"6.2.12","6.2.12"
"274","Sierra Nevada",273,7126,"Inter_Mountain_Basins_Montane_Sagebrush_Steppe",720.3411,"Inter Mountain Basins Montane Sagebrush Steppe",722887,"CES304.785",5455,85442.3397,0.0084,"6.2.12","6.2.12"
"275","Sierra Nevada",274,7017,"Columbia_Plateau_Western_Juniper_Woodland_and_Savanna",2.835,"Columbia Plateau Western Juniper Woodland and Savanna",740155,"CES304.082",4204,7901.0883,4e-04,"6.2.12","6.2.12"
"276","Sierra Nevada",276,7019,"Great_Basin_Pinyon_Juniper_Woodland",197.5185,"Great Basin Pinyon Juniper Woodland",722899,"CES304.773",4206,22745.7234,0.0087,"6.2.12","6.2.12"
"277","Sierra Nevada",277,7061,"Inter_Mountain_Basins_Aspen_Mixed_Conifer_Forest_and_Woodland",71.5068,"Inter Mountain Basins Aspen Mixed Conifer Forest and Woodland",722896,"CES304.776",4302,27965.5092,0.0026,"6.2.12","6.2.12"
"278","Snake River Plain",279,7126,"Inter_Mountain_Basins_Montane_Sagebrush_Steppe",4265.2818,"Inter Mountain Basins Montane Sagebrush Steppe",722887,"CES304.785",5455,85442.3397,0.0499,"10.1.8","10.1.8"
"279","Snake River Plain",278,7080,"Inter_Mountain_Basins_Big_Sagebrush_Shrubland",19770.723,"Inter Mountain Basins Big Sagebrush Shrubland",722895,"CES304.777",5257,282536.1486,0.07,"10.1.8","10.1.8"
"280","Snake River Plain",283,7125,"Inter_Mountain_Basins_Big_Sagebrush_Steppe",12666.0267,"Inter Mountain Basins Big Sagebrush Steppe",722894,"CES304.778",5454,181241.4852,0.0699,"10.1.8","10.1.8"
"281","Snake River Plain",284,7051,"Southern_Rocky_Mountain_Dry_Mesic_Montane_Mixed_Conifer_Forest_and_Woodland",0.0486,"Southern Rocky Mountain Dry Mesic Montane Mixed Conifer Forest and Woodland",722850,"CES306.823",4238,15486.9894,0,"10.1.8","10.1.8"
"282","Snake River Plain",285,7079,"Great_Basin_Xeric_Mixed_Sagebrush_Shrubland",139.968,"Great Basin Xeric Mixed Sagebrush Shrubland",722898,"CES304.774",5256,62531.1171,0.0022,"10.1.8","10.1.8"
"283","Snake River Plain",286,7019,"Great_Basin_Pinyon_Juniper_Woodland",33.1128,"Great Basin Pinyon Juniper Woodland",722899,"CES304.773",4206,22745.7234,0.0015,"10.1.8","10.1.8"
"284","Snake River Plain",287,7061,"Inter_Mountain_Basins_Aspen_Mixed_Conifer_Forest_and_Woodland",5.8563,"Inter Mountain Basins Aspen Mixed Conifer Forest and Woodland",722896,"CES304.776",4302,27965.5092,2e-04,"10.1.8","10.1.8"
"285","Snake River Plain",280,7052,"Southern_Rocky_Mountain_Mesic_Montane_Mixed_Conifer_Forest_and_Woodland",1.944,"Southern Rocky Mountain Mesic Montane Mixed Conifer Forest and Woodland",722848,"CES306.825",4239,8992.6605,2e-04,"10.1.8","10.1.8"
"286","Snake River Plain",281,7017,"Columbia_Plateau_Western_Juniper_Woodland_and_Savanna",0.4293,"Columbia Plateau Western Juniper Woodland and Savanna",740155,"CES304.082",4204,7901.0883,1e-04,"10.1.8","10.1.8"
"287","Snake River Plain",282,7081,"Inter_Mountain_Basins_Mixed_Salt_Desert_Scrub",1599.9525,"Inter Mountain Basins Mixed Salt Desert Scrub",722888,"CES304.784",5258,96871.1967,0.0165,"10.1.8","10.1.8"
"288","Sonoran Desert",288,7081,"Inter_Mountain_Basins_Mixed_Salt_Desert_Scrub",0.0081,"Inter Mountain Basins Mixed Salt Desert Scrub",722888,"CES304.784",5258,96871.1967,0,"10.2.2","10.2.2"
"289","Sonoran Desert",292,7080,"Inter_Mountain_Basins_Big_Sagebrush_Shrubland",0.0567,"Inter Mountain Basins Big Sagebrush Shrubland",722895,"CES304.777",5257,282536.1486,0,"10.2.2","10.2.2"
"290","Sonoran Desert",289,7079,"Great_Basin_Xeric_Mixed_Sagebrush_Shrubland",0.6723,"Great Basin Xeric Mixed Sagebrush Shrubland",722898,"CES304.774",5256,62531.1171,0,"10.2.2","10.2.2"
"291","Sonoran Desert",290,7019,"Great_Basin_Pinyon_Juniper_Woodland",29.9376,"Great Basin Pinyon Juniper Woodland",722899,"CES304.773",4206,22745.7234,0.0013,"10.2.2","10.2.2"
"292","Sonoran Desert",291,7054,"Southern_Rocky_Mountain_Ponderosa_Pine_Woodland",1.1745,"Southern Rocky Mountain Ponderosa Pine Woodland",797980,"CES306.648",4241,38899.4481,0,"10.2.2","10.2.2"
"293","South Central Plains",293,7364,"Ozark_Ouachita_Dry_Oak_Woodland",5.913,"Ozark Ouachita Dry Oak Woodland",722953,"CES202.707",4306,58336.0137,1e-04,"8.3.7","8.3.7"
"294","South Central Plains",294,7423,"Southeastern_Great_Plains_Tallgrass_Prairie",374.3334,"Southeastern Great Plains Tallgrass Prairie",722974,"CES205.685",7136,108029.6757,0.0035,"8.3.7","8.3.7"
"295","Southeastern Wisconsin Till Plains",296,7421,"Central_Tallgrass_Prairie",4520.1726,"Central Tallgrass Prairie",722976,"CES205.683",7134,241651.1556,0.0187,"8.2.1","8.2.1"
"296","Southeastern Wisconsin Till Plains",297,7313,"North_Central_Interior_Beech_Maple_Forest_",776.3607,"North Central Interior Beech Maple Forest ",722966,"CES202.693",4119,83328.2964,0.0093,"8.2.1","8.2.1"
"297","Southeastern Wisconsin Till Plains",295,7310,"North_Central_Interior_Dry_Mesic_Oak_Forest_and_Woodland",3715.065,"North Central Interior Dry Mesic Oak Forest and Woodland",722663,"CES202.046",4116,141605.9334,0.0262,"8.2.1","8.2.1"
"298","Southern and Baja California Pine-Oak Mountains",301,7126,"Inter_Mountain_Basins_Montane_Sagebrush_Steppe",0.7695,"Inter Mountain Basins Montane Sagebrush Steppe",722887,"CES304.785",5455,85442.3397,0,"11.1.3","11.1.3"
"299","Southern and Baja California Pine-Oak Mountains",298,7019,"Great_Basin_Pinyon_Juniper_Woodland",356.3433,"Great Basin Pinyon Juniper Woodland",722899,"CES304.773",4206,22745.7234,0.0157,"11.1.3","11.1.3"
"300","Southern and Baja California Pine-Oak Mountains",299,7080,"Inter_Mountain_Basins_Big_Sagebrush_Shrubland",0.3969,"Inter Mountain Basins Big Sagebrush Shrubland",722895,"CES304.777",5257,282536.1486,0,"11.1.3","11.1.3"
"301","Southern and Baja California Pine-Oak Mountains",300,7079,"Great_Basin_Xeric_Mixed_Sagebrush_Shrubland",9.2907,"Great Basin Xeric Mixed Sagebrush Shrubland",722898,"CES304.774",5256,62531.1171,1e-04,"11.1.3","11.1.3"
"302","Southern and Baja California Pine-Oak Mountains",302,7081,"Inter_Mountain_Basins_Mixed_Salt_Desert_Scrub",2.2761,"Inter Mountain Basins Mixed Salt Desert Scrub",722888,"CES304.784",5258,96871.1967,0,"11.1.3","11.1.3"
"303","Southern Rockies",305,7080,"Inter_Mountain_Basins_Big_Sagebrush_Shrubland",7526.6658,"Inter Mountain Basins Big Sagebrush Shrubland",722895,"CES304.777",5257,282536.1486,0.0266,"6.2.14","6.2.14"
"304","Southern Rockies",303,7052,"Southern_Rocky_Mountain_Mesic_Montane_Mixed_Conifer_Forest_and_Woodland",4853.7468,"Southern Rocky Mountain Mesic Montane Mixed Conifer Forest and Woodland",722848,"CES306.825",4239,8992.6605,0.5397,"6.2.14","6.2.14"
"305","Southern Rockies",304,7126,"Inter_Mountain_Basins_Montane_Sagebrush_Steppe",6170.2398,"Inter Mountain Basins Montane Sagebrush Steppe",722887,"CES304.785",5455,85442.3397,0.0722,"6.2.14","6.2.14"
"306","Southern Rockies",309,7051,"Southern_Rocky_Mountain_Dry_Mesic_Montane_Mixed_Conifer_Forest_and_Woodland",9283.9446,"Southern Rocky Mountain Dry Mesic Montane Mixed Conifer Forest and Woodland",722850,"CES306.823",4238,15486.9894,0.5995,"6.2.14","6.2.14"
"307","Southern Rockies",310,7054,"Southern_Rocky_Mountain_Ponderosa_Pine_Woodland",13369.8033,"Southern Rocky Mountain Ponderosa Pine Woodland",797980,"CES306.648",4241,38899.4481,0.3437,"6.2.14","6.2.14"
"308","Southern Rockies",311,7141,"Northwestern_Great_Plains_Mixedgrass_Prairie",1881.9054,"Northwestern Great Plains Mixedgrass Prairie",722984,"CES303.674",7114,425532.0987,0.0044,"6.2.14","6.2.14"
"309","Southern Rockies",312,7066,"Inter_Mountain_Basins_Mat_Saltbush_Shrubland",4.2606,"Inter Mountain Basins Mat Saltbush Shrubland",722889,"CES304.783",5203,10939.5846,4e-04,"6.2.14","6.2.14"
"310","Southern Rockies",313,7061,"Inter_Mountain_Basins_Aspen_Mixed_Conifer_Forest_and_Woodland",18458.3043,"Inter Mountain Basins Aspen Mixed Conifer Forest and Woodland",722896,"CES304.776",4302,27965.5092,0.66,"6.2.14","6.2.14"
"311","Southern Rockies",314,7125,"Inter_Mountain_Basins_Big_Sagebrush_Steppe",1579.1841,"Inter Mountain Basins Big Sagebrush Steppe",722894,"CES304.778",5454,181241.4852,0.0087,"6.2.14","6.2.14"
"312","Southern Rockies",315,7149,"Western_Great_Plains_Shortgrass_Prairie",593.8029,"Western Great Plains Shortgrass Prairie",722986,"CES303.672",7122,259073.154,0.0023,"6.2.14","6.2.14"
"313","Southern Rockies",316,7146,"Southern_Rocky_Mountain_Montane_Subalpine_Grassland",2022.3189,"Southern Rocky Mountain Montane Subalpine Grassland",722849,"CES306.824",7119,3086.9586,0.6551,"6.2.14","6.2.14"
"314","Southern Rockies",307,7147,"Western_Great_Plains_Foothill_and_Piedmont_Grassland",479.0421,"Western Great Plains Foothill and Piedmont Grassland",722856,"CES303.817",7120,12692.0763,0.0377,"6.2.14","6.2.14"
"315","Southern Rockies",308,7107,"Rocky_Mountain_Gambel_Oak_Mixed_Montane_Shrubland",6254.6499,"Rocky Mountain Gambel Oak Mixed Montane Shrubland",722855,"CES306.818",5313,19905.7419,0.3142,"6.2.14","6.2.14"
"316","Southern Rockies",306,7081,"Inter_Mountain_Basins_Mixed_Salt_Desert_Scrub",212.3982,"Inter Mountain Basins Mixed Salt Desert Scrub",722888,"CES304.784",5258,96871.1967,0.0022,"6.2.14","6.2.14"
"317","Southwestern Tablelands",319,7080,"Inter_Mountain_Basins_Big_Sagebrush_Shrubland",59.4864,"Inter Mountain Basins Big Sagebrush Shrubland",722895,"CES304.777",5257,282536.1486,2e-04,"9.4.3","9.4.3"
"318","Southwestern Tablelands",317,7147,"Western_Great_Plains_Foothill_and_Piedmont_Grassland",11092.7313,"Western Great Plains Foothill and Piedmont Grassland",722856,"CES303.817",7120,12692.0763,0.874,"9.4.3","9.4.3"
"319","Southwestern Tablelands",318,7107,"Rocky_Mountain_Gambel_Oak_Mixed_Montane_Shrubland",941.4063,"Rocky Mountain Gambel Oak Mixed Montane Shrubland",722855,"CES306.818",5313,19905.7419,0.0473,"9.4.3","9.4.3"
"320","Southwestern Tablelands",323,7423,"Southeastern_Great_Plains_Tallgrass_Prairie",371.628,"Southeastern Great Plains Tallgrass Prairie",722974,"CES205.685",7136,108029.6757,0.0034,"9.4.3","9.4.3"
"321","Southwestern Tablelands",324,7126,"Inter_Mountain_Basins_Montane_Sagebrush_Steppe",0.4617,"Inter Mountain Basins Montane Sagebrush Steppe",722887,"CES304.785",5455,85442.3397,0,"9.4.3","9.4.3"
"322","Southwestern Tablelands",325,7149,"Western_Great_Plains_Shortgrass_Prairie",93216.2094,"Western Great Plains Shortgrass Prairie",722986,"CES303.672",7122,259073.154,0.3598,"9.4.3","9.4.3"
"323","Southwestern Tablelands",326,7061,"Inter_Mountain_Basins_Aspen_Mixed_Conifer_Forest_and_Woodland",0.7533,"Inter Mountain Basins Aspen Mixed Conifer Forest and Woodland",722896,"CES304.776",4302,27965.5092,0,"9.4.3","9.4.3"
"324","Southwestern Tablelands",327,7052,"Southern_Rocky_Mountain_Mesic_Montane_Mixed_Conifer_Forest_and_Woodland",0.0648,"Southern Rocky Mountain Mesic Montane Mixed Conifer Forest and Woodland",722848,"CES306.825",4239,8992.6605,0,"9.4.3","9.4.3"
"325","Southwestern Tablelands",328,7146,"Southern_Rocky_Mountain_Montane_Subalpine_Grassland",3.8637,"Southern Rocky Mountain Montane Subalpine Grassland",722849,"CES306.824",7119,3086.9586,0.0013,"9.4.3","9.4.3"
"326","Southwestern Tablelands",320,7081,"Inter_Mountain_Basins_Mixed_Salt_Desert_Scrub",2059.3278,"Inter Mountain Basins Mixed Salt Desert Scrub",722888,"CES304.784",5258,96871.1967,0.0213,"9.4.3","9.4.3"
"327","Southwestern Tablelands",321,7051,"Southern_Rocky_Mountain_Dry_Mesic_Montane_Mixed_Conifer_Forest_and_Woodland",36.3204,"Southern Rocky Mountain Dry Mesic Montane Mixed Conifer Forest and Woodland",722850,"CES306.823",4238,15486.9894,0.0023,"9.4.3","9.4.3"
"328","Southwestern Tablelands",322,7054,"Southern_Rocky_Mountain_Ponderosa_Pine_Woodland",861.6294,"Southern Rocky Mountain Ponderosa Pine Woodland",797980,"CES306.648",4241,38899.4481,0.0222,"9.4.3","9.4.3"
"329","Strait of Georgia/Puget Lowland",329,7125,"Inter_Mountain_Basins_Big_Sagebrush_Steppe",0.0648,"Inter Mountain Basins Big Sagebrush Steppe",722894,"CES304.778",5454,181241.4852,0,"7.1.7","7.1.7"
"330","Texas Blackland Prairies",330,7423,"Southeastern_Great_Plains_Tallgrass_Prairie",54.3186,"Southeastern Great Plains Tallgrass Prairie",722974,"CES205.685",7136,108029.6757,5e-04,"9.4.7","9.4.7"
"331","Thompson-Okanogan Plateau",332,7080,"Inter_Mountain_Basins_Big_Sagebrush_Shrubland",0.2511,"Inter Mountain Basins Big Sagebrush Shrubland",722895,"CES304.777",5257,282536.1486,0,"10.1.1","10.1.1"
"332","Thompson-Okanogan Plateau",331,7125,"Inter_Mountain_Basins_Big_Sagebrush_Steppe",6.4962,"Inter Mountain Basins Big Sagebrush Steppe",722894,"CES304.778",5454,181241.4852,0,"10.1.1","10.1.1"
"333","Wasatch and Uinta Mountains",336,7146,"Southern_Rocky_Mountain_Montane_Subalpine_Grassland",139.1256,"Southern Rocky Mountain Montane Subalpine Grassland",722849,"CES306.824",7119,3086.9586,0.0451,"6.2.13","6.2.13"
"334","Wasatch and Uinta Mountains",337,7081,"Inter_Mountain_Basins_Mixed_Salt_Desert_Scrub",146.6586,"Inter Mountain Basins Mixed Salt Desert Scrub",722888,"CES304.784",5258,96871.1967,0.0015,"6.2.13","6.2.13"
"335","Wasatch and Uinta Mountains",338,7066,"Inter_Mountain_Basins_Mat_Saltbush_Shrubland",1.6929,"Inter Mountain Basins Mat Saltbush Shrubland",722889,"CES304.783",5203,10939.5846,2e-04,"6.2.13","6.2.13"
"336","Wasatch and Uinta Mountains",339,7052,"Southern_Rocky_Mountain_Mesic_Montane_Mixed_Conifer_Forest_and_Woodland",1656.9846,"Southern Rocky Mountain Mesic Montane Mixed Conifer Forest and Woodland",722848,"CES306.825",4239,8992.6605,0.1843,"6.2.13","6.2.13"
"337","Wasatch and Uinta Mountains",340,7054,"Southern_Rocky_Mountain_Ponderosa_Pine_Woodland",1255.0464,"Southern Rocky Mountain Ponderosa Pine Woodland",797980,"CES306.648",4241,38899.4481,0.0323,"6.2.13","6.2.13"
"338","Wasatch and Uinta Mountains",341,7126,"Inter_Mountain_Basins_Montane_Sagebrush_Steppe",3844.665,"Inter Mountain Basins Montane Sagebrush Steppe",722887,"CES304.785",5455,85442.3397,0.045,"6.2.13","6.2.13"
"339","Wasatch and Uinta Mountains",342,7080,"Inter_Mountain_Basins_Big_Sagebrush_Shrubland",3178.5048,"Inter Mountain Basins Big Sagebrush Shrubland",722895,"CES304.777",5257,282536.1486,0.0112,"6.2.13","6.2.13"
"340","Wasatch and Uinta Mountains",343,7079,"Great_Basin_Xeric_Mixed_Sagebrush_Shrubland",6.4395,"Great Basin Xeric Mixed Sagebrush Shrubland",722898,"CES304.774",5256,62531.1171,1e-04,"6.2.13","6.2.13"
"341","Wasatch and Uinta Mountains",344,7107,"Rocky_Mountain_Gambel_Oak_Mixed_Montane_Shrubland",4243.8816,"Rocky Mountain Gambel Oak Mixed Montane Shrubland",722855,"CES306.818",5313,19905.7419,0.2132,"6.2.13","6.2.13"
"342","Wasatch and Uinta Mountains",345,7125,"Inter_Mountain_Basins_Big_Sagebrush_Steppe",177.9165,"Inter Mountain Basins Big Sagebrush Steppe",722894,"CES304.778",5454,181241.4852,0.001,"6.2.13","6.2.13"
"343","Wasatch and Uinta Mountains",333,7051,"Southern_Rocky_Mountain_Dry_Mesic_Montane_Mixed_Conifer_Forest_and_Woodland",1148.58,"Southern Rocky Mountain Dry Mesic Montane Mixed Conifer Forest and Woodland",722850,"CES306.823",4238,15486.9894,0.0742,"6.2.13","6.2.13"
"344","Wasatch and Uinta Mountains",334,7061,"Inter_Mountain_Basins_Aspen_Mixed_Conifer_Forest_and_Woodland",6012.9621,"Inter Mountain Basins Aspen Mixed Conifer Forest and Woodland",722896,"CES304.776",4302,27965.5092,0.215,"6.2.13","6.2.13"
"345","Wasatch and Uinta Mountains",335,7019,"Great_Basin_Pinyon_Juniper_Woodland",80.2791,"Great Basin Pinyon Juniper Woodland",722899,"CES304.773",4206,22745.7234,0.0035,"6.2.13","6.2.13"
"346","Western Allegheny Plateau",349,7310,"North_Central_Interior_Dry_Mesic_Oak_Forest_and_Woodland",4.6413,"North Central Interior Dry Mesic Oak Forest and Woodland",722663,"CES202.046",4116,141605.9334,0,"8.4.3","8.4.3"
"347","Western Allegheny Plateau",350,7313,"North_Central_Interior_Beech_Maple_Forest_",331.9218,"North Central Interior Beech Maple Forest ",722966,"CES202.693",4119,83328.2964,0.004,"8.4.3","8.4.3"
"348","Western Corn Belt Plains",351,7310,"North_Central_Interior_Dry_Mesic_Oak_Forest_and_Woodland",31422.5001,"North Central Interior Dry Mesic Oak Forest and Woodland",722663,"CES202.046",4116,141605.9334,0.2219,"9.2.3","9.2.3"
"349","Western Corn Belt Plains",352,7421,"Central_Tallgrass_Prairie",79265.1177,"Central Tallgrass Prairie",722976,"CES205.683",7134,241651.1556,0.328,"9.2.3","9.2.3"
"350","Western Corn Belt Plains",353,7141,"Northwestern_Great_Plains_Mixedgrass_Prairie",12.4578,"Northwestern Great Plains Mixedgrass Prairie",722984,"CES303.674",7114,425532.0987,0,"9.2.3","9.2.3"
"351","Western Corn Belt Plains",354,7423,"Southeastern_Great_Plains_Tallgrass_Prairie",310.3596,"Southeastern Great Plains Tallgrass Prairie",722974,"CES205.685",7136,108029.6757,0.0029,"9.2.3","9.2.3"
"352","Wyoming Basin",355,7141,"Northwestern_Great_Plains_Mixedgrass_Prairie",1140.7635,"Northwestern Great Plains Mixedgrass Prairie",722984,"CES303.674",7114,425532.0987,0.0027,"10.1.4","10.1.4"
"353","Wyoming Basin",356,7051,"Southern_Rocky_Mountain_Dry_Mesic_Montane_Mixed_Conifer_Forest_and_Woodland",25.0047,"Southern Rocky Mountain Dry Mesic Montane Mixed Conifer Forest and Woodland",722850,"CES306.823",4238,15486.9894,0.0016,"10.1.4","10.1.4"
"354","Wyoming Basin",357,7081,"Inter_Mountain_Basins_Mixed_Salt_Desert_Scrub",921.375,"Inter Mountain Basins Mixed Salt Desert Scrub",722888,"CES304.784",5258,96871.1967,0.0095,"10.1.4","10.1.4"
"355","Wyoming Basin",358,7054,"Southern_Rocky_Mountain_Ponderosa_Pine_Woodland",63.0261,"Southern Rocky Mountain Ponderosa Pine Woodland",797980,"CES306.648",4241,38899.4481,0.0016,"10.1.4","10.1.4"
"356","Wyoming Basin",359,7066,"Inter_Mountain_Basins_Mat_Saltbush_Shrubland",7532.3601,"Inter Mountain Basins Mat Saltbush Shrubland",722889,"CES304.783",5203,10939.5846,0.6885,"10.1.4","10.1.4"
"357","Wyoming Basin",360,7061,"Inter_Mountain_Basins_Aspen_Mixed_Conifer_Forest_and_Woodland",76.1238,"Inter Mountain Basins Aspen Mixed Conifer Forest and Woodland",722896,"CES304.776",4302,27965.5092,0.0027,"10.1.4","10.1.4"
"358","Wyoming Basin",361,7080,"Inter_Mountain_Basins_Big_Sagebrush_Shrubland",45718.0686,"Inter Mountain Basins Big Sagebrush Shrubland",722895,"CES304.777",5257,282536.1486,0.1618,"10.1.4","10.1.4"
"359","Wyoming Basin",362,7052,"Southern_Rocky_Mountain_Mesic_Montane_Mixed_Conifer_Forest_and_Woodland",1.5714,"Southern Rocky Mountain Mesic Montane Mixed Conifer Forest and Woodland",722848,"CES306.825",4239,8992.6605,2e-04,"10.1.4","10.1.4"
"360","Wyoming Basin",363,7146,"Southern_Rocky_Mountain_Montane_Subalpine_Grassland",4.1472,"Southern Rocky Mountain Montane Subalpine Grassland",722849,"CES306.824",7119,3086.9586,0.0013,"10.1.4","10.1.4"
"361","Wyoming Basin",364,7126,"Inter_Mountain_Basins_Montane_Sagebrush_Steppe",10909.1934,"Inter Mountain Basins Montane Sagebrush Steppe",722887,"CES304.785",5455,85442.3397,0.1277,"10.1.4","10.1.4"
"362","Wyoming Basin",365,7107,"Rocky_Mountain_Gambel_Oak_Mixed_Montane_Shrubland",325.6362,"Rocky Mountain Gambel Oak Mixed Montane Shrubland",722855,"CES306.818",5313,19905.7419,0.0164,"10.1.4","10.1.4"
"363","Wyoming Basin",366,7125,"Inter_Mountain_Basins_Big_Sagebrush_Steppe",36768.1113,"Inter Mountain Basins Big Sagebrush Steppe",722894,"CES304.778",5454,181241.4852,0.2029,"10.1.4","10.1.4"
