,ecoregion,NS.Map.Value.code,system_name,SqKM_system_ecoregion,type,ELEMENT_GLOBAL_ID,ELCODE,ELSF_CD,BPS_area_system_sq_KM,percent_of_Total_Distribution,Level3
367,Central Great Plains,7132,Central_Mixedgrass_Prairie,145368.1161,Central Mixedgrass Prairie,722976,CES205.683,7104,258931.6956,0.561414916,9.4.2
368,Cross Timbers,7132,Central_Mixedgrass_Prairie,5554.4697,Central Mixedgrass Prairie,722976,CES205.684,7104,258931.6956,0.021451486,9.4.5
369,East Central Texas Plains,7132,Central_Mixedgrass_Prairie,11.502,Central Mixedgrass Prairie,722976,CES205.685,7104,258931.6956,4.44E-05,8.3.8
370,Edwards Plateau,7132,Central_Mixedgrass_Prairie,11388.9726,Central Mixedgrass Prairie,722976,CES205.686,7104,258931.6956,0.043984467,9.4.6
371,Flint Hills,7132,Central_Mixedgrass_Prairie,1887.057,Central Mixedgrass Prairie,722976,CES205.687,7104,258931.6956,0.007287856,9.4.4
372,High Plains,7132,Central_Mixedgrass_Prairie,45632.7594,Central Mixedgrass Prairie,722976,CES205.688,7104,258931.6956,0.176234737,9.4.1
373,Nebraska Sand Hills,7132,Central_Mixedgrass_Prairie,902.3886,Central Mixedgrass Prairie,722976,CES205.689,7104,258931.6956,0.003485045,9.3.4
374,Northwestern Glaciated Plains,7132,Central_Mixedgrass_Prairie,655.9299,Central Mixedgrass Prairie,722976,CES205.690,7104,258931.6956,0.002533216,9.3.1
375,Northwestern Great Plains,7132,Central_Mixedgrass_Prairie,3187.8846,Central Mixedgrass Prairie,722976,CES205.691,7104,258931.6956,0.012311682,9.3.3
376,South Central Plains,7132,Central_Mixedgrass_Prairie,0.1215,Central Mixedgrass Prairie,722976,CES205.692,7104,258931.6956,4.69E-07,8.3.7
377,Southern Texas Plains/Interior Plains and Hills with Xerophytic Shrub and Oak Forest,7132,Central_Mixedgrass_Prairie,702.4401,Central Mixedgrass Prairie,722976,CES205.693,7104,258931.6956,0.002712839,
378,Southwestern Tablelands,7132,Central_Mixedgrass_Prairie,33184.0881,Central Mixedgrass Prairie,722976,CES205.694,7104,258931.6956,0.12815769,
379,Texas Blackland Prairies,7132,Central_Mixedgrass_Prairie,109.5849,Central Mixedgrass Prairie,722976,CES205.695,7104,258931.6956,0.000423219,9.4.7
380,Western Corn Belt Plains,7132,Central_Mixedgrass_Prairie,10346.3811,Central Mixedgrass Prairie,722976,CES205.696,7104,258931.6956,0.039957955,9.2.3
69,Central Corn Belt Plains,7421,Central_Tallgrass_Prairie,54324.4887,Central Tallgrass Prairie,722976,CES205.683,7134,241651.1556,0.2248,8.2.3
76,Central Great Plains,7421,Central_Tallgrass_Prairie,15499.3986,Central Tallgrass Prairie,722976,CES205.683,7134,241651.1556,0.0641,9.4.2
79,Central Irregular Plains,7421,Central_Tallgrass_Prairie,33288.2055,Central Tallgrass Prairie,722976,CES205.683,7134,241651.1556,0.1378,9.2.4
117,Driftless Area,7421,Central_Tallgrass_Prairie,7499.2716,Central Tallgrass Prairie,722976,CES205.683,7134,241651.1556,0.031,8.1.5
126,Eastern Corn Belt Plains,7421,Central_Tallgrass_Prairie,1681.5033,Central Tallgrass Prairie,722976,CES205.683,7134,241651.1556,0.007,8.2.4
136,Flint Hills,7421,Central_Tallgrass_Prairie,2032.0713,Central Tallgrass Prairie,722976,CES205.683,7134,241651.1556,0.0084,9.4.4
149,High Plains,7421,Central_Tallgrass_Prairie,7.0227,Central Tallgrass Prairie,722976,CES205.683,7134,241651.1556,0,9.4.1
154,Huron/Erie Lake Plains,7421,Central_Tallgrass_Prairie,0.0891,Central Tallgrass Prairie,722976,CES205.683,7134,241651.1556,0,8.2.2
162,Interior Plateau,7421,Central_Tallgrass_Prairie,11.0484,Central Tallgrass Prairie,722976,CES205.683,7134,241651.1556,0,8.3.3
170,Interior River Valleys and Hills,7421,Central_Tallgrass_Prairie,35528.8518,Central Tallgrass Prairie,722976,CES205.683,7134,241651.1556,0.147,8.3.2
201,Mississippi Alluvial Plain,7421,Central_Tallgrass_Prairie,74.3175,Central Tallgrass Prairie,722976,CES205.683,7134,241651.1556,3.00E-04,8.5.2
217,Nebraska Sand Hills,7421,Central_Tallgrass_Prairie,4529.7549,Central Tallgrass Prairie,722976,CES205.683,7134,241651.1556,0.0187,9.3.4
224,North Central Hardwood Forests,7421,Central_Tallgrass_Prairie,438.1614,Central Tallgrass Prairie,722976,CES205.683,7134,241651.1556,0.0018,8.1.4
242,Northern Lakes and Forests,7421,Central_Tallgrass_Prairie,0.405,Central Tallgrass Prairie,722976,CES205.683,7134,241651.1556,0,5.2.1
250,Northwestern Glaciated Plains,7421,Central_Tallgrass_Prairie,1113.4422,Central Tallgrass Prairie,722976,CES205.683,7134,241651.1556,0.0046,9.3.1
255,Northwestern Great Plains,7421,Central_Tallgrass_Prairie,338.9526,Central Tallgrass Prairie,722976,CES205.683,7134,241651.1556,0.0014,9.3.3
265,Ozark Highlands,7421,Central_Tallgrass_Prairie,929.3454,Central Tallgrass Prairie,722976,CES205.683,7134,241651.1556,0.0038,8.4.5
269,S. Michigan/N. Indiana Drift Plains,7421,Central_Tallgrass_Prairie,567.8505,Central Tallgrass Prairie,722976,CES205.683,7134,241651.1556,0.0023,8.1.6
296,Southeastern Wisconsin Till Plains,7421,Central_Tallgrass_Prairie,4520.1726,Central Tallgrass Prairie,722976,CES205.683,7134,241651.1556,0.0187,8.2.1
346,Water,7421,Central_Tallgrass_Prairie,1.6848,Central Tallgrass Prairie,722976,CES205.683,7134,241651.1556,0,NA
352,Western Corn Belt Plains,7421,Central_Tallgrass_Prairie,79265.1177,Central Tallgrass Prairie,722976,CES205.683,7134,241651.1556,0.328,9.2.3
33,Blue Mountains,7017,Columbia_Plateau_Western_Juniper_Woodland_and_Savanna,2995.9713,Columbia Plateau Western Juniper Woodland and Savanna,740155,CES304.082,4204,7901.0883,0.3792,6.2.9
52,Cascades,7017,Columbia_Plateau_Western_Juniper_Woodland_and_Savanna,27.7506,Columbia Plateau Western Juniper Woodland and Savanna,740155,CES304.082,4204,7901.0883,0.0035,6.2.7
63,Central Basin and Range,7017,Columbia_Plateau_Western_Juniper_Woodland_and_Savanna,1.3041,Columbia Plateau Western Juniper Woodland and Savanna,740155,CES304.082,4204,7901.0883,2.00E-04,10.1.5
113,Columbia Plateau,7017,Columbia_Plateau_Western_Juniper_Woodland_and_Savanna,6.0345,Columbia Plateau Western Juniper Woodland and Savanna,740155,CES304.082,4204,7901.0883,8.00E-04,10.1.2
121,Eastern Cascades Slopes and Foothills,7017,Columbia_Plateau_Western_Juniper_Woodland_and_Savanna,3143.9016,Columbia Plateau Western Juniper Woodland and Savanna,740155,CES304.082,4204,7901.0883,0.3979,6.2.8
172,Klamath Mountains,7017,Columbia_Plateau_Western_Juniper_Woodland_and_Savanna,56.3841,Columbia Plateau Western Juniper Woodland and Savanna,740155,CES304.082,4204,7901.0883,0.0071,6.2.11
232,Northern Basin and Range,7017,Columbia_Plateau_Western_Juniper_Woodland_and_Savanna,1666.4778,Columbia Plateau Western Juniper Woodland and Savanna,740155,CES304.082,4204,7901.0883,0.2109,10.1.3
274,Sierra Nevada,7017,Columbia_Plateau_Western_Juniper_Woodland_and_Savanna,2.835,Columbia Plateau Western Juniper Woodland and Savanna,740155,CES304.082,4204,7901.0883,4.00E-04,6.2.12
281,Snake River Plain,7017,Columbia_Plateau_Western_Juniper_Woodland_and_Savanna,0.4293,Columbia Plateau Western Juniper Woodland and Savanna,740155,CES304.082,4204,7901.0883,1.00E-04,10.1.8
6,Arizona/New Mexico Mountains,7019,Great_Basin_Pinyon_Juniper_Woodland,38.0295,Great Basin Pinyon Juniper Woodland,722899,CES304.773,4206,22745.7234,0.0017,13.1.1
17,Arizona/New Mexico Plateau,7019,Great_Basin_Pinyon_Juniper_Woodland,587.1042,Great Basin Pinyon Juniper Woodland,722899,CES304.773,4206,22745.7234,0.0258,10.1.7
44,"California Coastal Sage, Chaparral, and Oak Woodlands",7019,Great_Basin_Pinyon_Juniper_Woodland,5.6376,Great Basin Pinyon Juniper Woodland,722899,CES304.773,4206,22745.7234,2.00E-04,11.1.1
56,Central Basin and Range,7019,Great_Basin_Pinyon_Juniper_Woodland,17807.2425,Great Basin Pinyon Juniper Woodland,722899,CES304.773,4206,22745.7234,0.7829,10.1.5
93,Colorado Plateaus,7019,Great_Basin_Pinyon_Juniper_Woodland,92.2752,Great Basin Pinyon Juniper Woodland,722899,CES304.773,4206,22745.7234,0.0041,10.1.6
125,Eastern Cascades Slopes and Foothills,7019,Great_Basin_Pinyon_Juniper_Woodland,85.5522,Great Basin Pinyon Juniper Woodland,722899,CES304.773,4206,22745.7234,0.0038,6.2.8
159,Idaho Batholith,7019,Great_Basin_Pinyon_Juniper_Woodland,0.2673,Great Basin Pinyon Juniper Woodland,722899,CES304.773,4206,22745.7234,0,6.2.15
185,Madrean Archipelago,7019,Great_Basin_Pinyon_Juniper_Woodland,0.0324,Great Basin Pinyon Juniper Woodland,722899,CES304.773,4206,22745.7234,0,12.1.1
199,Middle Rockies,7019,Great_Basin_Pinyon_Juniper_Woodland,3.1428,Great Basin Pinyon Juniper Woodland,722899,CES304.773,4206,22745.7234,1.00E-04,6.2.10
207,Mojave Basin and Range,7019,Great_Basin_Pinyon_Juniper_Woodland,2230.5618,Great Basin Pinyon Juniper Woodland,722899,CES304.773,4206,22745.7234,0.0981,10.2.1
231,Northern Basin and Range,7019,Great_Basin_Pinyon_Juniper_Woodland,1198.6866,Great Basin Pinyon Juniper Woodland,722899,CES304.773,4206,22745.7234,0.0527,10.1.3
276,Sierra Nevada,7019,Great_Basin_Pinyon_Juniper_Woodland,197.5185,Great Basin Pinyon Juniper Woodland,722899,CES304.773,4206,22745.7234,0.0087,6.2.12
286,Snake River Plain,7019,Great_Basin_Pinyon_Juniper_Woodland,33.1128,Great Basin Pinyon Juniper Woodland,722899,CES304.773,4206,22745.7234,0.0015,10.1.8
290,Sonoran Desert,7019,Great_Basin_Pinyon_Juniper_Woodland,29.9376,Great Basin Pinyon Juniper Woodland,722899,CES304.773,4206,22745.7234,0.0013,10.2.2
298,Southern and Baja California Pine-Oak Mountains,7019,Great_Basin_Pinyon_Juniper_Woodland,356.3433,Great Basin Pinyon Juniper Woodland,722899,CES304.773,4206,22745.7234,0.0157,11.1.3
335,Wasatch and Uinta Mountains,7019,Great_Basin_Pinyon_Juniper_Woodland,80.2791,Great Basin Pinyon Juniper Woodland,722899,CES304.773,4206,22745.7234,0.0035,6.2.13
26,Arizona/New Mexico Plateau,7079,Great_Basin_Xeric_Mixed_Sagebrush_Shrubland,8.1405,Great Basin Xeric Mixed Sagebrush Shrubland,722898,CES304.774,5256,62531.1171,1.00E-04,10.1.7
37,Blue Mountains,7079,Great_Basin_Xeric_Mixed_Sagebrush_Shrubland,131.8923,Great Basin Xeric Mixed Sagebrush Shrubland,722898,CES304.774,5256,62531.1171,0.0021,6.2.9
53,Cascades,7079,Great_Basin_Xeric_Mixed_Sagebrush_Shrubland,0.6966,Great Basin Xeric Mixed Sagebrush Shrubland,722898,CES304.774,5256,62531.1171,0,6.2.7
59,Central Basin and Range,7079,Great_Basin_Xeric_Mixed_Sagebrush_Shrubland,51044.175,Great Basin Xeric Mixed Sagebrush Shrubland,722898,CES304.774,5256,62531.1171,0.8163,10.1.5
91,Colorado Plateaus,7079,Great_Basin_Xeric_Mixed_Sagebrush_Shrubland,0.8748,Great Basin Xeric Mixed Sagebrush Shrubland,722898,CES304.774,5256,62531.1171,0,10.1.6
101,Columbia Mountains/Northern Rockies,7079,Great_Basin_Xeric_Mixed_Sagebrush_Shrubland,3.6693,Great Basin Xeric Mixed Sagebrush Shrubland,722898,CES304.774,5256,62531.1171,1.00E-04,6.2.3
111,Columbia Plateau,7079,Great_Basin_Xeric_Mixed_Sagebrush_Shrubland,0.2025,Great Basin Xeric Mixed Sagebrush Shrubland,722898,CES304.774,5256,62531.1171,0,10.1.2
123,Eastern Cascades Slopes and Foothills,7079,Great_Basin_Xeric_Mixed_Sagebrush_Shrubland,333.6795,Great Basin Xeric Mixed Sagebrush Shrubland,722898,CES304.774,5256,62531.1171,0.0053,6.2.8
157,Idaho Batholith,7079,Great_Basin_Xeric_Mixed_Sagebrush_Shrubland,1.1178,Great Basin Xeric Mixed Sagebrush Shrubland,722898,CES304.774,5256,62531.1171,0,6.2.15
193,Middle Rockies,7079,Great_Basin_Xeric_Mixed_Sagebrush_Shrubland,130.6287,Great Basin Xeric Mixed Sagebrush Shrubland,722898,CES304.774,5256,62531.1171,0.0021,6.2.10
210,Mojave Basin and Range,7079,Great_Basin_Xeric_Mixed_Sagebrush_Shrubland,1388.9556,Great Basin Xeric Mixed Sagebrush Shrubland,722898,CES304.774,5256,62531.1171,0.0222,10.2.1
233,Northern Basin and Range,7079,Great_Basin_Xeric_Mixed_Sagebrush_Shrubland,9304.2432,Great Basin Xeric Mixed Sagebrush Shrubland,722898,CES304.774,5256,62531.1171,0.1488,10.1.3
275,Sierra Nevada,7079,Great_Basin_Xeric_Mixed_Sagebrush_Shrubland,26.4708,Great Basin Xeric Mixed Sagebrush Shrubland,722898,CES304.774,5256,62531.1171,4.00E-04,6.2.12
285,Snake River Plain,7079,Great_Basin_Xeric_Mixed_Sagebrush_Shrubland,139.968,Great Basin Xeric Mixed Sagebrush Shrubland,722898,CES304.774,5256,62531.1171,0.0022,10.1.8
289,Sonoran Desert,7079,Great_Basin_Xeric_Mixed_Sagebrush_Shrubland,0.6723,Great Basin Xeric Mixed Sagebrush Shrubland,722898,CES304.774,5256,62531.1171,0,10.2.2
300,Southern and Baja California Pine-Oak Mountains,7079,Great_Basin_Xeric_Mixed_Sagebrush_Shrubland,9.2907,Great Basin Xeric Mixed Sagebrush Shrubland,722898,CES304.774,5256,62531.1171,1.00E-04,11.1.3
343,Wasatch and Uinta Mountains,7079,Great_Basin_Xeric_Mixed_Sagebrush_Shrubland,6.4395,Great Basin Xeric Mixed Sagebrush Shrubland,722898,CES304.774,5256,62531.1171,1.00E-04,6.2.13
12,Arizona/New Mexico Mountains,7061,Inter_Mountain_Basins_Aspen_Mixed_Conifer_Forest_and_Woodland,938.0367,Inter Mountain Basins Aspen Mixed Conifer Forest and Woodland,722896,CES304.776,4302,27965.5092,0.0335,13.1.1
23,Arizona/New Mexico Plateau,7061,Inter_Mountain_Basins_Aspen_Mixed_Conifer_Forest_and_Woodland,40.1274,Inter Mountain Basins Aspen Mixed Conifer Forest and Woodland,722896,CES304.776,4302,27965.5092,0.0014,10.1.7
36,Blue Mountains,7061,Inter_Mountain_Basins_Aspen_Mixed_Conifer_Forest_and_Woodland,2.1384,Inter Mountain Basins Aspen Mixed Conifer Forest and Woodland,722896,CES304.776,4302,27965.5092,1.00E-04,6.2.9
65,Central Basin and Range,7061,Inter_Mountain_Basins_Aspen_Mixed_Conifer_Forest_and_Woodland,530.4123,Inter Mountain Basins Aspen Mixed Conifer Forest and Woodland,722896,CES304.776,4302,27965.5092,0.019,10.1.5
88,Colorado Plateaus,7061,Inter_Mountain_Basins_Aspen_Mixed_Conifer_Forest_and_Woodland,699.4107,Inter Mountain Basins Aspen Mixed Conifer Forest and Woodland,722896,CES304.776,4302,27965.5092,0.025,10.1.6
103,Columbia Mountains/Northern Rockies,7061,Inter_Mountain_Basins_Aspen_Mixed_Conifer_Forest_and_Woodland,0.4698,Inter Mountain Basins Aspen Mixed Conifer Forest and Woodland,722896,CES304.776,4302,27965.5092,0,6.2.3
107,Columbia Plateau,7061,Inter_Mountain_Basins_Aspen_Mixed_Conifer_Forest_and_Woodland,2.9403,Inter Mountain Basins Aspen Mixed Conifer Forest and Woodland,722896,CES304.776,4302,27965.5092,1.00E-04,10.1.2
146,High Plains,7061,Inter_Mountain_Basins_Aspen_Mixed_Conifer_Forest_and_Woodland,1.7496,Inter Mountain Basins Aspen Mixed Conifer Forest and Woodland,722896,CES304.776,4302,27965.5092,1.00E-04,9.4.1
156,Idaho Batholith,7061,Inter_Mountain_Basins_Aspen_Mixed_Conifer_Forest_and_Woodland,0.5508,Inter Mountain Basins Aspen Mixed Conifer Forest and Woodland,722896,CES304.776,4302,27965.5092,0,6.2.15
198,Middle Rockies,7061,Inter_Mountain_Basins_Aspen_Mixed_Conifer_Forest_and_Woodland,297.2619,Inter Mountain Basins Aspen Mixed Conifer Forest and Woodland,722896,CES304.776,4302,27965.5092,0.0106,6.2.10
212,Mojave Basin and Range,7061,Inter_Mountain_Basins_Aspen_Mixed_Conifer_Forest_and_Woodland,3.0537,Inter Mountain Basins Aspen Mixed Conifer Forest and Woodland,722896,CES304.776,4302,27965.5092,1.00E-04,10.2.1
229,Northern Basin and Range,7061,Inter_Mountain_Basins_Aspen_Mixed_Conifer_Forest_and_Woodland,818.1081,Inter Mountain Basins Aspen Mixed Conifer Forest and Woodland,722896,CES304.776,4302,27965.5092,0.0293,10.1.3
248,Northwestern Glaciated Plains,7061,Inter_Mountain_Basins_Aspen_Mixed_Conifer_Forest_and_Woodland,0.891,Inter Mountain Basins Aspen Mixed Conifer Forest and Woodland,722896,CES304.776,4302,27965.5092,0,9.3.1
252,Northwestern Great Plains,7061,Inter_Mountain_Basins_Aspen_Mixed_Conifer_Forest_and_Woodland,4.8519,Inter Mountain Basins Aspen Mixed Conifer Forest and Woodland,722896,CES304.776,4302,27965.5092,2.00E-04,9.3.3
277,Sierra Nevada,7061,Inter_Mountain_Basins_Aspen_Mixed_Conifer_Forest_and_Woodland,71.5068,Inter Mountain Basins Aspen Mixed Conifer Forest and Woodland,722896,CES304.776,4302,27965.5092,0.0026,6.2.12
287,Snake River Plain,7061,Inter_Mountain_Basins_Aspen_Mixed_Conifer_Forest_and_Woodland,5.8563,Inter Mountain Basins Aspen Mixed Conifer Forest and Woodland,722896,CES304.776,4302,27965.5092,2.00E-04,10.1.8
313,Southern Rockies,7061,Inter_Mountain_Basins_Aspen_Mixed_Conifer_Forest_and_Woodland,18458.3043,Inter Mountain Basins Aspen Mixed Conifer Forest and Woodland,722896,CES304.776,4302,27965.5092,0.66,6.2.14
326,Southwestern Tablelands,7061,Inter_Mountain_Basins_Aspen_Mixed_Conifer_Forest_and_Woodland,0.7533,Inter Mountain Basins Aspen Mixed Conifer Forest and Woodland,722896,CES304.776,4302,27965.5092,0,9.4.3
334,Wasatch and Uinta Mountains,7061,Inter_Mountain_Basins_Aspen_Mixed_Conifer_Forest_and_Woodland,6012.9621,Inter Mountain Basins Aspen Mixed Conifer Forest and Woodland,722896,CES304.776,4302,27965.5092,0.215,6.2.13
360,Wyoming Basin,7061,Inter_Mountain_Basins_Aspen_Mixed_Conifer_Forest_and_Woodland,76.1238,Inter Mountain Basins Aspen Mixed Conifer Forest and Woodland,722896,CES304.776,4302,27965.5092,0.0027,10.1.4
10,Arizona/New Mexico Mountains,7080,Inter_Mountain_Basins_Big_Sagebrush_Shrubland,1912.3533,Inter Mountain Basins Big Sagebrush Shrubland,722895,CES304.777,5257,282536.1486,0.0068,13.1.1
19,Arizona/New Mexico Plateau,7080,Inter_Mountain_Basins_Big_Sagebrush_Shrubland,22212.9945,Inter Mountain Basins Big Sagebrush Shrubland,722895,CES304.777,5257,282536.1486,0.0786,10.1.7
30,Aspen Parkland/Northern Glaciated Plains,7080,Inter_Mountain_Basins_Big_Sagebrush_Shrubland,0.6156,Inter Mountain Basins Big Sagebrush Shrubland,722895,CES304.777,5257,282536.1486,0,9.2.1
34,Blue Mountains,7080,Inter_Mountain_Basins_Big_Sagebrush_Shrubland,5362.7751,Inter Mountain Basins Big Sagebrush Shrubland,722895,CES304.777,5257,282536.1486,0.019,6.2.9
43,"California Coastal Sage, Chaparral, and Oak Woodlands",7080,Inter_Mountain_Basins_Big_Sagebrush_Shrubland,3.6936,Inter Mountain Basins Big Sagebrush Shrubland,722895,CES304.777,5257,282536.1486,0,11.1.1
46,Canadian Rockies,7080,Inter_Mountain_Basins_Big_Sagebrush_Shrubland,0.3402,Inter Mountain Basins Big Sagebrush Shrubland,722895,CES304.777,5257,282536.1486,0,6.2.4
50,Cascades,7080,Inter_Mountain_Basins_Big_Sagebrush_Shrubland,13.7457,Inter Mountain Basins Big Sagebrush Shrubland,722895,CES304.777,5257,282536.1486,0,6.2.7
55,Central Basin and Range,7080,Inter_Mountain_Basins_Big_Sagebrush_Shrubland,70524.6912,Inter Mountain Basins Big Sagebrush Shrubland,722895,CES304.777,5257,282536.1486,0.2496,10.1.5
67,Central California Valley,7080,Inter_Mountain_Basins_Big_Sagebrush_Shrubland,0.3564,Inter Mountain Basins Big Sagebrush Shrubland,722895,CES304.777,5257,282536.1486,0,11.1.2
87,Chihuahuan Desert,7080,Inter_Mountain_Basins_Big_Sagebrush_Shrubland,24.4134,Inter Mountain Basins Big Sagebrush Shrubland,722895,CES304.777,5257,282536.1486,1.00E-04,10.2.4
96,Colorado Plateaus,7080,Inter_Mountain_Basins_Big_Sagebrush_Shrubland,25421.6151,Inter Mountain Basins Big Sagebrush Shrubland,722895,CES304.777,5257,282536.1486,0.09,10.1.6
102,Columbia Mountains/Northern Rockies,7080,Inter_Mountain_Basins_Big_Sagebrush_Shrubland,1014.4926,Inter Mountain Basins Big Sagebrush Shrubland,722895,CES304.777,5257,282536.1486,0.0036,6.2.3
109,Columbia Plateau,7080,Inter_Mountain_Basins_Big_Sagebrush_Shrubland,18080.7633,Inter Mountain Basins Big Sagebrush Shrubland,722895,CES304.777,5257,282536.1486,0.064,10.1.2
120,Eastern Cascades Slopes and Foothills,7080,Inter_Mountain_Basins_Big_Sagebrush_Shrubland,5231.1501,Inter Mountain Basins Big Sagebrush Shrubland,722895,CES304.777,5257,282536.1486,0.0185,6.2.8
144,High Plains,7080,Inter_Mountain_Basins_Big_Sagebrush_Shrubland,47.4012,Inter Mountain Basins Big Sagebrush Shrubland,722895,CES304.777,5257,282536.1486,2.00E-04,9.4.1
160,Idaho Batholith,7080,Inter_Mountain_Basins_Big_Sagebrush_Shrubland,172.4733,Inter Mountain Basins Big Sagebrush Shrubland,722895,CES304.777,5257,282536.1486,6.00E-04,6.2.15
171,Klamath Mountains,7080,Inter_Mountain_Basins_Big_Sagebrush_Shrubland,4.8438,Inter Mountain Basins Big Sagebrush Shrubland,722895,CES304.777,5257,282536.1486,0,6.2.11
182,Madrean Archipelago,7080,Inter_Mountain_Basins_Big_Sagebrush_Shrubland,7.0713,Inter Mountain Basins Big Sagebrush Shrubland,722895,CES304.777,5257,282536.1486,0,12.1.1
197,Middle Rockies,7080,Inter_Mountain_Basins_Big_Sagebrush_Shrubland,6134.3811,Inter Mountain Basins Big Sagebrush Shrubland,722895,CES304.777,5257,282536.1486,0.0217,6.2.10
209,Mojave Basin and Range,7080,Inter_Mountain_Basins_Big_Sagebrush_Shrubland,496.5543,Inter Mountain Basins Big Sagebrush Shrubland,722895,CES304.777,5257,282536.1486,0.0018,10.2.1
218,North Cascades,7080,Inter_Mountain_Basins_Big_Sagebrush_Shrubland,135.3915,Inter Mountain Basins Big Sagebrush Shrubland,722895,CES304.777,5257,282536.1486,5.00E-04,6.2.5
236,Northern Basin and Range,7080,Inter_Mountain_Basins_Big_Sagebrush_Shrubland,46044.0531,Inter Mountain Basins Big Sagebrush Shrubland,722895,CES304.777,5257,282536.1486,0.163,10.1.3
249,Northwestern Glaciated Plains,7080,Inter_Mountain_Basins_Big_Sagebrush_Shrubland,36.7578,Inter Mountain Basins Big Sagebrush Shrubland,722895,CES304.777,5257,282536.1486,1.00E-04,9.3.1
254,Northwestern Great Plains,7080,Inter_Mountain_Basins_Big_Sagebrush_Shrubland,2934.6705,Inter Mountain Basins Big Sagebrush Shrubland,722895,CES304.777,5257,282536.1486,0.0104,9.3.3
272,Sierra Nevada,7080,Inter_Mountain_Basins_Big_Sagebrush_Shrubland,464.3973,Inter Mountain Basins Big Sagebrush Shrubland,722895,CES304.777,5257,282536.1486,0.0016,6.2.12
278,Snake River Plain,7080,Inter_Mountain_Basins_Big_Sagebrush_Shrubland,19770.723,Inter Mountain Basins Big Sagebrush Shrubland,722895,CES304.777,5257,282536.1486,0.07,10.1.8
292,Sonoran Desert,7080,Inter_Mountain_Basins_Big_Sagebrush_Shrubland,0.0567,Inter Mountain Basins Big Sagebrush Shrubland,722895,CES304.777,5257,282536.1486,0,10.2.2
299,Southern and Baja California Pine-Oak Mountains,7080,Inter_Mountain_Basins_Big_Sagebrush_Shrubland,0.3969,Inter Mountain Basins Big Sagebrush Shrubland,722895,CES304.777,5257,282536.1486,0,11.1.3
305,Southern Rockies,7080,Inter_Mountain_Basins_Big_Sagebrush_Shrubland,7526.6658,Inter Mountain Basins Big Sagebrush Shrubland,722895,CES304.777,5257,282536.1486,0.0266,6.2.14
319,Southwestern Tablelands,7080,Inter_Mountain_Basins_Big_Sagebrush_Shrubland,59.4864,Inter Mountain Basins Big Sagebrush Shrubland,722895,CES304.777,5257,282536.1486,2.00E-04,9.4.3
332,Thompson-Okanogan Plateau,7080,Inter_Mountain_Basins_Big_Sagebrush_Shrubland,0.2511,Inter Mountain Basins Big Sagebrush Shrubland,722895,CES304.777,5257,282536.1486,0,10.1.1
342,Wasatch and Uinta Mountains,7080,Inter_Mountain_Basins_Big_Sagebrush_Shrubland,3178.5048,Inter Mountain Basins Big Sagebrush Shrubland,722895,CES304.777,5257,282536.1486,0.0112,6.2.13
361,Wyoming Basin,7080,Inter_Mountain_Basins_Big_Sagebrush_Shrubland,45718.0686,Inter Mountain Basins Big Sagebrush Shrubland,722895,CES304.777,5257,282536.1486,0.1618,10.1.4
5,Arizona/New Mexico Mountains,7125,Inter_Mountain_Basins_Big_Sagebrush_Steppe,104.5062,Inter Mountain Basins Big Sagebrush Steppe,722894,CES304.778,5454,181241.4852,6.00E-04,13.1.1
22,Arizona/New Mexico Plateau,7125,Inter_Mountain_Basins_Big_Sagebrush_Steppe,23.6358,Inter Mountain Basins Big Sagebrush Steppe,722894,CES304.778,5454,181241.4852,1.00E-04,10.1.7
35,Blue Mountains,7125,Inter_Mountain_Basins_Big_Sagebrush_Steppe,8634.0006,Inter Mountain Basins Big Sagebrush Steppe,722894,CES304.778,5454,181241.4852,0.0476,6.2.9
47,Canadian Rockies,7125,Inter_Mountain_Basins_Big_Sagebrush_Steppe,14.742,Inter Mountain Basins Big Sagebrush Steppe,722894,CES304.778,5454,181241.4852,1.00E-04,6.2.4
49,Cascades,7125,Inter_Mountain_Basins_Big_Sagebrush_Steppe,0.0081,Inter Mountain Basins Big Sagebrush Steppe,722894,CES304.778,5454,181241.4852,0,6.2.7
54,Central Basin and Range,7125,Inter_Mountain_Basins_Big_Sagebrush_Steppe,1949.3379,Inter Mountain Basins Big Sagebrush Steppe,722894,CES304.778,5454,181241.4852,0.0108,10.1.5
99,Colorado Plateaus,7125,Inter_Mountain_Basins_Big_Sagebrush_Steppe,145.1358,Inter Mountain Basins Big Sagebrush Steppe,722894,CES304.778,5454,181241.4852,8.00E-04,10.1.6
104,Columbia Mountains/Northern Rockies,7125,Inter_Mountain_Basins_Big_Sagebrush_Steppe,874.9701,Inter Mountain Basins Big Sagebrush Steppe,722894,CES304.778,5454,181241.4852,0.0048,6.2.3
112,Columbia Plateau,7125,Inter_Mountain_Basins_Big_Sagebrush_Steppe,20320.146,Inter Mountain Basins Big Sagebrush Steppe,722894,CES304.778,5454,181241.4852,0.1121,10.1.2
124,Eastern Cascades Slopes and Foothills,7125,Inter_Mountain_Basins_Big_Sagebrush_Steppe,2858.8869,Inter Mountain Basins Big Sagebrush Steppe,722894,CES304.778,5454,181241.4852,0.0158,6.2.8
150,High Plains,7125,Inter_Mountain_Basins_Big_Sagebrush_Steppe,871.0092,Inter Mountain Basins Big Sagebrush Steppe,722894,CES304.778,5454,181241.4852,0.0048,9.4.1
155,Idaho Batholith,7125,Inter_Mountain_Basins_Big_Sagebrush_Steppe,792.3177,Inter Mountain Basins Big Sagebrush Steppe,722894,CES304.778,5454,181241.4852,0.0044,6.2.15
174,Klamath Mountains,7125,Inter_Mountain_Basins_Big_Sagebrush_Steppe,0.6561,Inter Mountain Basins Big Sagebrush Steppe,722894,CES304.778,5454,181241.4852,0,6.2.11
190,Middle Rockies,7125,Inter_Mountain_Basins_Big_Sagebrush_Steppe,10746.9099,Inter Mountain Basins Big Sagebrush Steppe,722894,CES304.778,5454,181241.4852,0.0593,6.2.10
219,North Cascades,7125,Inter_Mountain_Basins_Big_Sagebrush_Steppe,496.5057,Inter Mountain Basins Big Sagebrush Steppe,722894,CES304.778,5454,181241.4852,0.0027,6.2.5
235,Northern Basin and Range,7125,Inter_Mountain_Basins_Big_Sagebrush_Steppe,32139.2691,Inter Mountain Basins Big Sagebrush Steppe,722894,CES304.778,5454,181241.4852,0.1773,10.1.3
246,Northwestern Glaciated Plains,7125,Inter_Mountain_Basins_Big_Sagebrush_Steppe,5542.7247,Inter Mountain Basins Big Sagebrush Steppe,722894,CES304.778,5454,181241.4852,0.0306,9.3.1
260,Northwestern Great Plains,7125,Inter_Mountain_Basins_Big_Sagebrush_Steppe,44528.9238,Inter Mountain Basins Big Sagebrush Steppe,722894,CES304.778,5454,181241.4852,0.2457,9.3.3
283,Snake River Plain,7125,Inter_Mountain_Basins_Big_Sagebrush_Steppe,12666.0267,Inter Mountain Basins Big Sagebrush Steppe,722894,CES304.778,5454,181241.4852,0.0699,10.1.8
314,Southern Rockies,7125,Inter_Mountain_Basins_Big_Sagebrush_Steppe,1579.1841,Inter Mountain Basins Big Sagebrush Steppe,722894,CES304.778,5454,181241.4852,0.0087,6.2.14
329,Strait of Georgia/Puget Lowland,7125,Inter_Mountain_Basins_Big_Sagebrush_Steppe,0.0648,Inter Mountain Basins Big Sagebrush Steppe,722894,CES304.778,5454,181241.4852,0,7.1.7
331,Thompson-Okanogan Plateau,7125,Inter_Mountain_Basins_Big_Sagebrush_Steppe,6.4962,Inter Mountain Basins Big Sagebrush Steppe,722894,CES304.778,5454,181241.4852,0,10.1.1
345,Wasatch and Uinta Mountains,7125,Inter_Mountain_Basins_Big_Sagebrush_Steppe,177.9165,Inter Mountain Basins Big Sagebrush Steppe,722894,CES304.778,5454,181241.4852,0.001,6.2.13
366,Wyoming Basin,7125,Inter_Mountain_Basins_Big_Sagebrush_Steppe,36768.1113,Inter Mountain Basins Big Sagebrush Steppe,722894,CES304.778,5454,181241.4852,0.2029,10.1.4
13,Arizona/New Mexico Plateau,7066,Inter_Mountain_Basins_Mat_Saltbush_Shrubland,1.1907,Inter Mountain Basins Mat Saltbush Shrubland,722889,CES304.783,5203,10939.5846,1.00E-04,10.1.7
100,Colorado Plateaus,7066,Inter_Mountain_Basins_Mat_Saltbush_Shrubland,3289.248,Inter Mountain Basins Mat Saltbush Shrubland,722889,CES304.783,5203,10939.5846,0.3007,10.1.6
151,High Plains,7066,Inter_Mountain_Basins_Mat_Saltbush_Shrubland,1.3203,Inter Mountain Basins Mat Saltbush Shrubland,722889,CES304.783,5203,10939.5846,1.00E-04,9.4.1
187,Middle Rockies,7066,Inter_Mountain_Basins_Mat_Saltbush_Shrubland,0.0891,Inter Mountain Basins Mat Saltbush Shrubland,722889,CES304.783,5203,10939.5846,0,6.2.10
213,Mojave Basin and Range,7066,Inter_Mountain_Basins_Mat_Saltbush_Shrubland,0.3159,Inter Mountain Basins Mat Saltbush Shrubland,722889,CES304.783,5203,10939.5846,0,10.2.1
261,Northwestern Great Plains,7066,Inter_Mountain_Basins_Mat_Saltbush_Shrubland,109.107,Inter Mountain Basins Mat Saltbush Shrubland,722889,CES304.783,5203,10939.5846,0.01,9.3.3
312,Southern Rockies,7066,Inter_Mountain_Basins_Mat_Saltbush_Shrubland,4.2606,Inter Mountain Basins Mat Saltbush Shrubland,722889,CES304.783,5203,10939.5846,4.00E-04,6.2.14
338,Wasatch and Uinta Mountains,7066,Inter_Mountain_Basins_Mat_Saltbush_Shrubland,1.6929,Inter Mountain Basins Mat Saltbush Shrubland,722889,CES304.783,5203,10939.5846,2.00E-04,6.2.13
359,Wyoming Basin,7066,Inter_Mountain_Basins_Mat_Saltbush_Shrubland,7532.3601,Inter Mountain Basins Mat Saltbush Shrubland,722889,CES304.783,5203,10939.5846,0.6885,10.1.4
7,Arizona/New Mexico Mountains,7081,Inter_Mountain_Basins_Mixed_Salt_Desert_Scrub,1718.8848,Inter Mountain Basins Mixed Salt Desert Scrub,722888,CES304.784,5258,96871.1967,0.0177,13.1.1
24,Arizona/New Mexico Plateau,7081,Inter_Mountain_Basins_Mixed_Salt_Desert_Scrub,21799.2708,Inter Mountain Basins Mixed Salt Desert Scrub,722888,CES304.784,5258,96871.1967,0.225,10.1.7
39,Blue Mountains,7081,Inter_Mountain_Basins_Mixed_Salt_Desert_Scrub,1.3122,Inter Mountain Basins Mixed Salt Desert Scrub,722888,CES304.784,5258,96871.1967,0,6.2.9
62,Central Basin and Range,7081,Inter_Mountain_Basins_Mixed_Salt_Desert_Scrub,57601.5057,Inter Mountain Basins Mixed Salt Desert Scrub,722888,CES304.784,5258,96871.1967,0.5946,10.1.5
86,Chihuahuan Desert,7081,Inter_Mountain_Basins_Mixed_Salt_Desert_Scrub,37.9728,Inter Mountain Basins Mixed Salt Desert Scrub,722888,CES304.784,5258,96871.1967,4.00E-04,10.2.4
95,Colorado Plateaus,7081,Inter_Mountain_Basins_Mixed_Salt_Desert_Scrub,8667.8262,Inter Mountain Basins Mixed Salt Desert Scrub,722888,CES304.784,5258,96871.1967,0.0895,10.1.6
105,Columbia Mountains/Northern Rockies,7081,Inter_Mountain_Basins_Mixed_Salt_Desert_Scrub,0.0081,Inter Mountain Basins Mixed Salt Desert Scrub,722888,CES304.784,5258,96871.1967,0,6.2.3
110,Columbia Plateau,7081,Inter_Mountain_Basins_Mixed_Salt_Desert_Scrub,17.0586,Inter Mountain Basins Mixed Salt Desert Scrub,722888,CES304.784,5258,96871.1967,2.00E-04,10.1.2
122,Eastern Cascades Slopes and Foothills,7081,Inter_Mountain_Basins_Mixed_Salt_Desert_Scrub,82.2879,Inter Mountain Basins Mixed Salt Desert Scrub,722888,CES304.784,5258,96871.1967,8.00E-04,6.2.8
138,High Plains,7081,Inter_Mountain_Basins_Mixed_Salt_Desert_Scrub,186.786,Inter Mountain Basins Mixed Salt Desert Scrub,722888,CES304.784,5258,96871.1967,0.0019,9.4.1
161,Idaho Batholith,7081,Inter_Mountain_Basins_Mixed_Salt_Desert_Scrub,3.5883,Inter Mountain Basins Mixed Salt Desert Scrub,722888,CES304.784,5258,96871.1967,0,6.2.15
186,Madrean Archipelago,7081,Inter_Mountain_Basins_Mixed_Salt_Desert_Scrub,33.0642,Inter Mountain Basins Mixed Salt Desert Scrub,722888,CES304.784,5258,96871.1967,3.00E-04,12.1.1
191,Middle Rockies,7081,Inter_Mountain_Basins_Mixed_Salt_Desert_Scrub,261.711,Inter Mountain Basins Mixed Salt Desert Scrub,722888,CES304.784,5258,96871.1967,0.0027,6.2.10
211,Mojave Basin and Range,7081,Inter_Mountain_Basins_Mixed_Salt_Desert_Scrub,172.0845,Inter Mountain Basins Mixed Salt Desert Scrub,722888,CES304.784,5258,96871.1967,0.0018,10.2.1
239,Northern Basin and Range,7081,Inter_Mountain_Basins_Mixed_Salt_Desert_Scrub,1344.519,Inter Mountain Basins Mixed Salt Desert Scrub,722888,CES304.784,5258,96871.1967,0.0139,10.1.3
251,Northwestern Great Plains,7081,Inter_Mountain_Basins_Mixed_Salt_Desert_Scrub,1.3203,Inter Mountain Basins Mixed Salt Desert Scrub,722888,CES304.784,5258,96871.1967,0,9.3.3
282,Snake River Plain,7081,Inter_Mountain_Basins_Mixed_Salt_Desert_Scrub,1599.9525,Inter Mountain Basins Mixed Salt Desert Scrub,722888,CES304.784,5258,96871.1967,0.0165,10.1.8
288,Sonoran Desert,7081,Inter_Mountain_Basins_Mixed_Salt_Desert_Scrub,0.0081,Inter Mountain Basins Mixed Salt Desert Scrub,722888,CES304.784,5258,96871.1967,0,10.2.2
302,Southern and Baja California Pine-Oak Mountains,7081,Inter_Mountain_Basins_Mixed_Salt_Desert_Scrub,2.2761,Inter Mountain Basins Mixed Salt Desert Scrub,722888,CES304.784,5258,96871.1967,0,11.1.3
306,Southern Rockies,7081,Inter_Mountain_Basins_Mixed_Salt_Desert_Scrub,212.3982,Inter Mountain Basins Mixed Salt Desert Scrub,722888,CES304.784,5258,96871.1967,0.0022,6.2.14
320,Southwestern Tablelands,7081,Inter_Mountain_Basins_Mixed_Salt_Desert_Scrub,2059.3278,Inter Mountain Basins Mixed Salt Desert Scrub,722888,CES304.784,5258,96871.1967,0.0213,9.4.3
337,Wasatch and Uinta Mountains,7081,Inter_Mountain_Basins_Mixed_Salt_Desert_Scrub,146.6586,Inter Mountain Basins Mixed Salt Desert Scrub,722888,CES304.784,5258,96871.1967,0.0015,6.2.13
357,Wyoming Basin,7081,Inter_Mountain_Basins_Mixed_Salt_Desert_Scrub,921.375,Inter Mountain Basins Mixed Salt Desert Scrub,722888,CES304.784,5258,96871.1967,0.0095,10.1.4
15,Arizona/New Mexico Plateau,7126,Inter_Mountain_Basins_Montane_Sagebrush_Steppe,25.1667,Inter Mountain Basins Montane Sagebrush Steppe,722887,CES304.785,5455,85442.3397,3.00E-04,10.1.7
38,Blue Mountains,7126,Inter_Mountain_Basins_Montane_Sagebrush_Steppe,4564.3257,Inter Mountain Basins Montane Sagebrush Steppe,722887,CES304.785,5455,85442.3397,0.0534,6.2.9
42,"California Coastal Sage, Chaparral, and Oak Woodlands",7126,Inter_Mountain_Basins_Montane_Sagebrush_Steppe,19.5372,Inter Mountain Basins Montane Sagebrush Steppe,722887,CES304.785,5455,85442.3397,2.00E-04,11.1.1
45,Canadian Rockies,7126,Inter_Mountain_Basins_Montane_Sagebrush_Steppe,16.2162,Inter Mountain Basins Montane Sagebrush Steppe,722887,CES304.785,5455,85442.3397,2.00E-04,6.2.4
51,Cascades,7126,Inter_Mountain_Basins_Montane_Sagebrush_Steppe,0.5994,Inter Mountain Basins Montane Sagebrush Steppe,722887,CES304.785,5455,85442.3397,0,6.2.7
66,Central Basin and Range,7126,Inter_Mountain_Basins_Montane_Sagebrush_Steppe,12746.2572,Inter Mountain Basins Montane Sagebrush Steppe,722887,CES304.785,5455,85442.3397,0.1492,10.1.5
98,Colorado Plateaus,7126,Inter_Mountain_Basins_Montane_Sagebrush_Steppe,2262.33,Inter Mountain Basins Montane Sagebrush Steppe,722887,CES304.785,5455,85442.3397,0.0265,10.1.6
106,Columbia Mountains/Northern Rockies,7126,Inter_Mountain_Basins_Montane_Sagebrush_Steppe,328.3497,Inter Mountain Basins Montane Sagebrush Steppe,722887,CES304.785,5455,85442.3397,0.0038,6.2.3
108,Columbia Plateau,7126,Inter_Mountain_Basins_Montane_Sagebrush_Steppe,1773.0009,Inter Mountain Basins Montane Sagebrush Steppe,722887,CES304.785,5455,85442.3397,0.0208,10.1.2
119,Eastern Cascades Slopes and Foothills,7126,Inter_Mountain_Basins_Montane_Sagebrush_Steppe,805.8366,Inter Mountain Basins Montane Sagebrush Steppe,722887,CES304.785,5455,85442.3397,0.0094,6.2.8
148,High Plains,7126,Inter_Mountain_Basins_Montane_Sagebrush_Steppe,20.4768,Inter Mountain Basins Montane Sagebrush Steppe,722887,CES304.785,5455,85442.3397,2.00E-04,9.4.1
158,Idaho Batholith,7126,Inter_Mountain_Basins_Montane_Sagebrush_Steppe,5784.7527,Inter Mountain Basins Montane Sagebrush Steppe,722887,CES304.785,5455,85442.3397,0.0677,6.2.15
173,Klamath Mountains,7126,Inter_Mountain_Basins_Montane_Sagebrush_Steppe,2.3004,Inter Mountain Basins Montane Sagebrush Steppe,722887,CES304.785,5455,85442.3397,0,6.2.11
192,Middle Rockies,7126,Inter_Mountain_Basins_Montane_Sagebrush_Steppe,15971.0616,Inter Mountain Basins Montane Sagebrush Steppe,722887,CES304.785,5455,85442.3397,0.1869,6.2.10
208,Mojave Basin and Range,7126,Inter_Mountain_Basins_Montane_Sagebrush_Steppe,112.8249,Inter Mountain Basins Montane Sagebrush Steppe,722887,CES304.785,5455,85442.3397,0.0013,10.2.1
220,North Cascades,7126,Inter_Mountain_Basins_Montane_Sagebrush_Steppe,101.7765,Inter Mountain Basins Montane Sagebrush Steppe,722887,CES304.785,5455,85442.3397,0.0012,6.2.5
238,Northern Basin and Range,7126,Inter_Mountain_Basins_Montane_Sagebrush_Steppe,12052.7109,Inter Mountain Basins Montane Sagebrush Steppe,722887,CES304.785,5455,85442.3397,0.1411,10.1.3
247,Northwestern Glaciated Plains,7126,Inter_Mountain_Basins_Montane_Sagebrush_Steppe,107.9649,Inter Mountain Basins Montane Sagebrush Steppe,722887,CES304.785,5455,85442.3397,0.0013,9.3.1
262,Northwestern Great Plains,7126,Inter_Mountain_Basins_Montane_Sagebrush_Steppe,2835.8991,Inter Mountain Basins Montane Sagebrush Steppe,722887,CES304.785,5455,85442.3397,0.0332,9.3.3
273,Sierra Nevada,7126,Inter_Mountain_Basins_Montane_Sagebrush_Steppe,720.3411,Inter Mountain Basins Montane Sagebrush Steppe,722887,CES304.785,5455,85442.3397,0.0084,6.2.12
279,Snake River Plain,7126,Inter_Mountain_Basins_Montane_Sagebrush_Steppe,4265.2818,Inter Mountain Basins Montane Sagebrush Steppe,722887,CES304.785,5455,85442.3397,0.0499,10.1.8
301,Southern and Baja California Pine-Oak Mountains,7126,Inter_Mountain_Basins_Montane_Sagebrush_Steppe,0.7695,Inter Mountain Basins Montane Sagebrush Steppe,722887,CES304.785,5455,85442.3397,0,11.1.3
304,Southern Rockies,7126,Inter_Mountain_Basins_Montane_Sagebrush_Steppe,6170.2398,Inter Mountain Basins Montane Sagebrush Steppe,722887,CES304.785,5455,85442.3397,0.0722,6.2.14
324,Southwestern Tablelands,7126,Inter_Mountain_Basins_Montane_Sagebrush_Steppe,0.4617,Inter Mountain Basins Montane Sagebrush Steppe,722887,CES304.785,5455,85442.3397,0,9.4.3
341,Wasatch and Uinta Mountains,7126,Inter_Mountain_Basins_Montane_Sagebrush_Steppe,3844.665,Inter Mountain Basins Montane Sagebrush Steppe,722887,CES304.785,5455,85442.3397,0.045,6.2.13
364,Wyoming Basin,7126,Inter_Mountain_Basins_Montane_Sagebrush_Steppe,10909.1934,Inter Mountain Basins Montane Sagebrush Steppe,722887,CES304.785,5455,85442.3397,0.1277,10.1.4
70,Central Corn Belt Plains,7313,North_Central_Interior_Beech_Maple_Forest,60.6852,North Central Interior Beech Maple Forest ,722966,CES202.693,4119,83328.2964,7.00E-04,8.2.3
127,Eastern Corn Belt Plains,7313,North_Central_Interior_Beech_Maple_Forest,39759.8625,North Central Interior Beech Maple Forest ,722966,CES202.693,4119,83328.2964,0.4771,8.2.4
129,Eastern Great Lakes and Hudson Lowlands,7313,North_Central_Interior_Beech_Maple_Forest,810.3645,North Central Interior Beech Maple Forest ,722966,CES202.693,4119,83328.2964,0.0097,8.1.1
133,Erie Drift Plain,7313,North_Central_Interior_Beech_Maple_Forest,10714.0158,North Central Interior Beech Maple Forest ,722966,CES202.693,4119,83328.2964,0.1286,8.1.10
152,Huron/Erie Lake Plains,7313,North_Central_Interior_Beech_Maple_Forest,9778.0851,North Central Interior Beech Maple Forest ,722966,CES202.693,4119,83328.2964,0.1173,8.2.2
165,Interior Plateau,7313,North_Central_Interior_Beech_Maple_Forest,238.1967,North Central Interior Beech Maple Forest ,722966,CES202.693,4119,83328.2964,0.0029,8.3.3
167,Interior River Valleys and Hills,7313,North_Central_Interior_Beech_Maple_Forest,499.041,North Central Interior Beech Maple Forest ,722966,CES202.693,4119,83328.2964,0.006,8.3.2
175,Lake Erie Lowland,7313,North_Central_Interior_Beech_Maple_Forest,170.4726,North Central Interior Beech Maple Forest ,722966,CES202.693,4119,83328.2964,0.002,8.1.2
222,North Central Appalachians,7313,North_Central_Interior_Beech_Maple_Forest,21.87,North Central Interior Beech Maple Forest ,722966,CES202.693,4119,83328.2964,3.00E-04,5.3.3
223,North Central Hardwood Forests,7313,North_Central_Interior_Beech_Maple_Forest,0.0567,North Central Interior Beech Maple Forest ,722966,CES202.693,4119,83328.2964,0,8.1.4
227,Northern Appalachian Plateau and Uplands,7313,North_Central_Interior_Beech_Maple_Forest,14.8149,North Central Interior Beech Maple Forest ,722966,CES202.693,4119,83328.2964,2.00E-04,8.1.3
240,Northern Lakes and Forests,7313,North_Central_Interior_Beech_Maple_Forest,1.5795,North Central Interior Beech Maple Forest ,722966,CES202.693,4119,83328.2964,0,5.2.1
270,S. Michigan/N. Indiana Drift Plains,7313,North_Central_Interior_Beech_Maple_Forest,20134.0809,North Central Interior Beech Maple Forest ,722966,CES202.693,4119,83328.2964,0.2416,8.1.6
297,Southeastern Wisconsin Till Plains,7313,North_Central_Interior_Beech_Maple_Forest,776.3607,North Central Interior Beech Maple Forest ,722966,CES202.693,4119,83328.2964,0.0093,8.2.1
348,Water,7313,North_Central_Interior_Beech_Maple_Forest,16.8885,North Central Interior Beech Maple Forest ,722966,CES202.693,4119,83328.2964,2.00E-04,NA
350,Western Allegheny Plateau,7313,North_Central_Interior_Beech_Maple_Forest,331.9218,North Central Interior Beech Maple Forest ,722966,CES202.693,4119,83328.2964,0.004,8.4.3
31,Aspen Parkland/Northern Glaciated Plains,7310,North_Central_Interior_Dry_Mesic_Oak_Forest_and_Woodland,114.291,North Central Interior Dry Mesic Oak Forest and Woodland,722663,CES202.046,4116,141605.9334,8.00E-04,9.2.1
68,Central Corn Belt Plains,7310,North_Central_Interior_Dry_Mesic_Oak_Forest_and_Woodland,17750.5668,North Central Interior Dry Mesic Oak Forest and Woodland,722663,CES202.046,4116,141605.9334,0.1254,8.2.3
72,Central Great Plains,7310,North_Central_Interior_Dry_Mesic_Oak_Forest_and_Woodland,99.1845,North Central Interior Dry Mesic Oak Forest and Woodland,722663,CES202.046,4116,141605.9334,7.00E-04,9.4.2
80,Central Irregular Plains,7310,North_Central_Interior_Dry_Mesic_Oak_Forest_and_Woodland,7833.2022,North Central Interior Dry Mesic Oak Forest and Woodland,722663,CES202.046,4116,141605.9334,0.0553,9.2.4
116,Driftless Area,7310,North_Central_Interior_Dry_Mesic_Oak_Forest_and_Woodland,7617.969,North Central Interior Dry Mesic Oak Forest and Woodland,722663,CES202.046,4116,141605.9334,0.0538,8.1.5
128,Eastern Corn Belt Plains,7310,North_Central_Interior_Dry_Mesic_Oak_Forest_and_Woodland,18652.3155,North Central Interior Dry Mesic Oak Forest and Woodland,722663,CES202.046,4116,141605.9334,0.1317,8.2.4
130,Eastern Great Lakes and Hudson Lowlands,7310,North_Central_Interior_Dry_Mesic_Oak_Forest_and_Woodland,261.8649,North Central Interior Dry Mesic Oak Forest and Woodland,722663,CES202.046,4116,141605.9334,0.0018,8.1.1
134,Erie Drift Plain,7310,North_Central_Interior_Dry_Mesic_Oak_Forest_and_Woodland,1757.0844,North Central Interior Dry Mesic Oak Forest and Woodland,722663,CES202.046,4116,141605.9334,0.0124,8.1.10
137,Flint Hills,7310,North_Central_Interior_Dry_Mesic_Oak_Forest_and_Woodland,360.4824,North Central Interior Dry Mesic Oak Forest and Woodland,722663,CES202.046,4116,141605.9334,0.0025,9.4.4
153,Huron/Erie Lake Plains,7310,North_Central_Interior_Dry_Mesic_Oak_Forest_and_Woodland,1623.3615,North Central Interior Dry Mesic Oak Forest and Woodland,722663,CES202.046,4116,141605.9334,0.0115,8.2.2
163,Interior Plateau,7310,North_Central_Interior_Dry_Mesic_Oak_Forest_and_Woodland,2279.1618,North Central Interior Dry Mesic Oak Forest and Woodland,722663,CES202.046,4116,141605.9334,0.0161,8.3.3
169,Interior River Valleys and Hills,7310,North_Central_Interior_Dry_Mesic_Oak_Forest_and_Woodland,28015.9317,North Central Interior Dry Mesic Oak Forest and Woodland,722663,CES202.046,4116,141605.9334,0.1978,8.3.2
176,Lake Erie Lowland,7310,North_Central_Interior_Dry_Mesic_Oak_Forest_and_Woodland,3.5802,North Central Interior Dry Mesic Oak Forest and Woodland,722663,CES202.046,4116,141605.9334,0,8.1.2
177,Lake Manitoba and Lake Agassiz Plain,7310,North_Central_Interior_Dry_Mesic_Oak_Forest_and_Woodland,38.6127,North Central Interior Dry Mesic Oak Forest and Woodland,722663,CES202.046,4116,141605.9334,3.00E-04,9.2.2
202,Mississippi Alluvial Plain,7310,North_Central_Interior_Dry_Mesic_Oak_Forest_and_Woodland,54.6588,North Central Interior Dry Mesic Oak Forest and Woodland,722663,CES202.046,4116,141605.9334,4.00E-04,8.5.2
221,North Central Appalachians,7310,North_Central_Interior_Dry_Mesic_Oak_Forest_and_Woodland,0.3159,North Central Interior Dry Mesic Oak Forest and Woodland,722663,CES202.046,4116,141605.9334,0,5.3.3
225,North Central Hardwood Forests,7310,North_Central_Interior_Dry_Mesic_Oak_Forest_and_Woodland,4986.603,North Central Interior Dry Mesic Oak Forest and Woodland,722663,CES202.046,4116,141605.9334,0.0352,8.1.4
226,Northern Appalachian Plateau and Uplands,7310,North_Central_Interior_Dry_Mesic_Oak_Forest_and_Woodland,0.0486,North Central Interior Dry Mesic Oak Forest and Woodland,722663,CES202.046,4116,141605.9334,0,8.1.3
241,Northern Lakes and Forests,7310,North_Central_Interior_Dry_Mesic_Oak_Forest_and_Woodland,1608.2631,North Central Interior Dry Mesic Oak Forest and Woodland,722663,CES202.046,4116,141605.9334,0.0114,5.2.1
243,Northern Minnesota Wetlands,7310,North_Central_Interior_Dry_Mesic_Oak_Forest_and_Woodland,14.9202,North Central Interior Dry Mesic Oak Forest and Woodland,722663,CES202.046,4116,141605.9334,1.00E-04,5.2.2
267,Ozark Highlands,7310,North_Central_Interior_Dry_Mesic_Oak_Forest_and_Woodland,766.8027,North Central Interior Dry Mesic Oak Forest and Woodland,722663,CES202.046,4116,141605.9334,0.0054,8.4.5
271,S. Michigan/N. Indiana Drift Plains,7310,North_Central_Interior_Dry_Mesic_Oak_Forest_and_Woodland,12616.3413,North Central Interior Dry Mesic Oak Forest and Woodland,722663,CES202.046,4116,141605.9334,0.0891,8.1.6
295,Southeastern Wisconsin Till Plains,7310,North_Central_Interior_Dry_Mesic_Oak_Forest_and_Woodland,3715.065,North Central Interior Dry Mesic Oak Forest and Woodland,722663,CES202.046,4116,141605.9334,0.0262,8.2.1
347,Water,7310,North_Central_Interior_Dry_Mesic_Oak_Forest_and_Woodland,8.1648,North Central Interior Dry Mesic Oak Forest and Woodland,722663,CES202.046,4116,141605.9334,1.00E-04,NA
349,Western Allegheny Plateau,7310,North_Central_Interior_Dry_Mesic_Oak_Forest_and_Woodland,4.6413,North Central Interior Dry Mesic Oak Forest and Woodland,722663,CES202.046,4116,141605.9334,0,8.4.3
351,Western Corn Belt Plains,7310,North_Central_Interior_Dry_Mesic_Oak_Forest_and_Woodland,31422.5001,North Central Interior Dry Mesic Oak Forest and Woodland,722663,CES202.046,4116,141605.9334,0.2219,9.2.3
381,Aspen Parkland/Northern Glaciated Plains,7420,Northern_Tallgrass_Prairie,43149.2832,Northern Tallgrass Prairie,722973,CES205.686,7133,148502.0385,0.290563575,9.2.1
382,Driftless Area,7420,Northern_Tallgrass_Prairie,326.3328,Northern Tallgrass Prairie,722973,CES205.687,7133,148502.0385,0.002197497,8.1.5
383,Interior River Valleys and Hills,7420,Northern_Tallgrass_Prairie,1.5714,Northern Tallgrass Prairie,722973,CES205.688,7133,148502.0385,1.06E-05,8.3.2
384,Lake Manitoba and Lake Agassiz Plain,7420,Northern_Tallgrass_Prairie,33713.2125,Northern Tallgrass Prairie,722973,CES205.689,7133,148502.0385,0.227021884,9.2.2
385,North Central Hardwood Forests,7420,Northern_Tallgrass_Prairie,5711.8365,Northern Tallgrass Prairie,722973,CES205.690,7133,148502.0385,0.038463017,8.1.4
386,Northern Lakes and Forests,7420,Northern_Tallgrass_Prairie,15.9489,Northern Tallgrass Prairie,722973,CES205.691,7133,148502.0385,0.000107399,5.2.1
387,Northern Minnesota Wetlands,7420,Northern_Tallgrass_Prairie,398.7063,Northern Tallgrass Prairie,722973,CES205.692,7133,148502.0385,0.002684854,5.2.2
388,Northwestern Glaciated Plains,7420,Northern_Tallgrass_Prairie,5.3784,Northern Tallgrass Prairie,722973,CES205.693,7133,148502.0385,3.62E-05,9.3.1
389,Western Corn Belt Plains,7420,Northern_Tallgrass_Prairie,65179.7685,Northern Tallgrass Prairie,722973,CES205.694,7133,148502.0385,0.438914975,9.2.3
32,Aspen Parkland/Northern Glaciated Plains,7141,Northwestern_Great_Plains_Mixedgrass_Prairie,73240.6698,Northwestern Great Plains Mixedgrass Prairie,722984,CES303.674,7114,425532.0987,0.1721,9.2.1
48,Canadian Rockies,7141,Northwestern_Great_Plains_Mixedgrass_Prairie,1.215,Northwestern Great Plains Mixedgrass Prairie,722984,CES303.674,7114,425532.0987,0,6.2.4
73,Central Great Plains,7141,Northwestern_Great_Plains_Mixedgrass_Prairie,13.1868,Northwestern Great Plains Mixedgrass Prairie,722984,CES303.674,7114,425532.0987,0,9.4.2
142,High Plains,7141,Northwestern_Great_Plains_Mixedgrass_Prairie,9731.8746,Northwestern Great Plains Mixedgrass Prairie,722984,CES303.674,7114,425532.0987,0.0229,9.4.1
178,Lake Manitoba and Lake Agassiz Plain,7141,Northwestern_Great_Plains_Mixedgrass_Prairie,20.3148,Northwestern Great Plains Mixedgrass Prairie,722984,CES303.674,7114,425532.0987,0,9.2.2
195,Middle Rockies,7141,Northwestern_Great_Plains_Mixedgrass_Prairie,5226.1281,Northwestern Great Plains Mixedgrass Prairie,722984,CES303.674,7114,425532.0987,0.0123,6.2.10
215,Nebraska Sand Hills,7141,Northwestern_Great_Plains_Mixedgrass_Prairie,430.9524,Northwestern Great Plains Mixedgrass Prairie,722984,CES303.674,7114,425532.0987,0.001,9.3.4
245,Northwestern Glaciated Plains,7141,Northwestern_Great_Plains_Mixedgrass_Prairie,130250.7135,Northwestern Great Plains Mixedgrass Prairie,722984,CES303.674,7114,425532.0987,0.3061,9.3.1
257,Northwestern Great Plains,7141,Northwestern_Great_Plains_Mixedgrass_Prairie,203581.917,Northwestern Great Plains Mixedgrass Prairie,722984,CES303.674,7114,425532.0987,0.4784,9.3.3
311,Southern Rockies,7141,Northwestern_Great_Plains_Mixedgrass_Prairie,1881.9054,Northwestern Great Plains Mixedgrass Prairie,722984,CES303.674,7114,425532.0987,0.0044,6.2.14
353,Western Corn Belt Plains,7141,Northwestern_Great_Plains_Mixedgrass_Prairie,12.4578,Northwestern Great Plains Mixedgrass Prairie,722984,CES303.674,7114,425532.0987,0,9.2.3
355,Wyoming Basin,7141,Northwestern_Great_Plains_Mixedgrass_Prairie,1140.7635,Northwestern Great Plains Mixedgrass Prairie,722984,CES303.674,7114,425532.0987,0.0027,10.1.4
29,Arkansas Valley,7364,Ozark_Ouachita_Dry_Oak_Woodland,2238.3216,Ozark Ouachita Dry Oak Woodland,722953,CES202.707,4306,58336.0137,0.0384,8.4.7
41,Boston Mountains,7364,Ozark_Ouachita_Dry_Oak_Woodland,3725.6355,Ozark Ouachita Dry Oak Woodland,722953,CES202.707,4306,58336.0137,0.0639,8.4.6
77,Central Irregular Plains,7364,Ozark_Ouachita_Dry_Oak_Woodland,367.9587,Ozark Ouachita Dry Oak Woodland,722953,CES202.707,4306,58336.0137,0.0063,9.2.4
115,Cross Timbers,7364,Ozark_Ouachita_Dry_Oak_Woodland,0.0081,Ozark Ouachita Dry Oak Woodland,722953,CES202.707,4306,58336.0137,0,9.4.5
164,Interior Plateau,7364,Ozark_Ouachita_Dry_Oak_Woodland,18.5976,Ozark Ouachita Dry Oak Woodland,722953,CES202.707,4306,58336.0137,3.00E-04,8.3.3
166,Interior River Valleys and Hills,7364,Ozark_Ouachita_Dry_Oak_Woodland,337.6728,Ozark Ouachita Dry Oak Woodland,722953,CES202.707,4306,58336.0137,0.0058,8.3.2
200,Mississippi Alluvial Plain,7364,Ozark_Ouachita_Dry_Oak_Woodland,377.9784,Ozark Ouachita Dry Oak Woodland,722953,CES202.707,4306,58336.0137,0.0065,8.5.2
203,Mississippi Valley Loess Plains,7364,Ozark_Ouachita_Dry_Oak_Woodland,6.9174,Ozark Ouachita Dry Oak Woodland,722953,CES202.707,4306,58336.0137,1.00E-04,8.3.6
264,Ouachita Mountains,7364,Ozark_Ouachita_Dry_Oak_Woodland,4451.5656,Ozark Ouachita Dry Oak Woodland,722953,CES202.707,4306,58336.0137,0.0763,8.4.8
268,Ozark Highlands,7364,Ozark_Ouachita_Dry_Oak_Woodland,46805.445,Ozark Ouachita Dry Oak Woodland,722953,CES202.707,4306,58336.0137,0.8023,8.4.5
293,South Central Plains,7364,Ozark_Ouachita_Dry_Oak_Woodland,5.913,Ozark Ouachita Dry Oak Woodland,722953,CES202.707,4306,58336.0137,1.00E-04,8.3.7
9,Arizona/New Mexico Mountains,7107,Rocky_Mountain_Gambel_Oak_Mixed_Montane_Shrubland,524.1672,Rocky Mountain Gambel Oak Mixed Montane Shrubland,722855,CES306.818,5313,19905.7419,0.0263,13.1.1
14,Arizona/New Mexico Plateau,7107,Rocky_Mountain_Gambel_Oak_Mixed_Montane_Shrubland,264.7971,Rocky Mountain Gambel Oak Mixed Montane Shrubland,722855,CES306.818,5313,19905.7419,0.0133,10.1.7
57,Central Basin and Range,7107,Rocky_Mountain_Gambel_Oak_Mixed_Montane_Shrubland,2083.5306,Rocky Mountain Gambel Oak Mixed Montane Shrubland,722855,CES306.818,5313,19905.7419,0.1047,10.1.5
84,Chihuahuan Desert,7107,Rocky_Mountain_Gambel_Oak_Mixed_Montane_Shrubland,0.3888,Rocky Mountain Gambel Oak Mixed Montane Shrubland,722855,CES306.818,5313,19905.7419,0,10.2.4
97,Colorado Plateaus,7107,Rocky_Mountain_Gambel_Oak_Mixed_Montane_Shrubland,5005.6947,Rocky Mountain Gambel Oak Mixed Montane Shrubland,722855,CES306.818,5313,19905.7419,0.2515,10.1.6
140,High Plains,7107,Rocky_Mountain_Gambel_Oak_Mixed_Montane_Shrubland,98.982,Rocky Mountain Gambel Oak Mixed Montane Shrubland,722855,CES306.818,5313,19905.7419,0.005,9.4.1
180,Madrean Archipelago,7107,Rocky_Mountain_Gambel_Oak_Mixed_Montane_Shrubland,0.567,Rocky Mountain Gambel Oak Mixed Montane Shrubland,722855,CES306.818,5313,19905.7419,0,12.1.1
204,Mojave Basin and Range,7107,Rocky_Mountain_Gambel_Oak_Mixed_Montane_Shrubland,126.6516,Rocky Mountain Gambel Oak Mixed Montane Shrubland,722855,CES306.818,5313,19905.7419,0.0064,10.2.1
228,Northern Basin and Range,7107,Rocky_Mountain_Gambel_Oak_Mixed_Montane_Shrubland,35.3889,Rocky Mountain Gambel Oak Mixed Montane Shrubland,722855,CES306.818,5313,19905.7419,0.0018,10.1.3
308,Southern Rockies,7107,Rocky_Mountain_Gambel_Oak_Mixed_Montane_Shrubland,6254.6499,Rocky Mountain Gambel Oak Mixed Montane Shrubland,722855,CES306.818,5313,19905.7419,0.3142,6.2.14
318,Southwestern Tablelands,7107,Rocky_Mountain_Gambel_Oak_Mixed_Montane_Shrubland,941.4063,Rocky Mountain Gambel Oak Mixed Montane Shrubland,722855,CES306.818,5313,19905.7419,0.0473,9.4.3
344,Wasatch and Uinta Mountains,7107,Rocky_Mountain_Gambel_Oak_Mixed_Montane_Shrubland,4243.8816,Rocky Mountain Gambel Oak Mixed Montane Shrubland,722855,CES306.818,5313,19905.7419,0.2132,6.2.13
365,Wyoming Basin,7107,Rocky_Mountain_Gambel_Oak_Mixed_Montane_Shrubland,325.6362,Rocky Mountain Gambel Oak Mixed Montane Shrubland,722855,CES306.818,5313,19905.7419,0.0164,10.1.4
28,Arkansas Valley,7423,Southeastern_Great_Plains_Tallgrass_Prairie,1703.0574,Southeastern Great Plains Tallgrass Prairie,722974,CES205.685,7136,108029.6757,0.0158,8.4.7
40,Boston Mountains,7423,Southeastern_Great_Plains_Tallgrass_Prairie,13.8753,Southeastern Great Plains Tallgrass Prairie,722974,CES205.685,7136,108029.6757,1.00E-04,8.4.6
75,Central Great Plains,7423,Southeastern_Great_Plains_Tallgrass_Prairie,35095.0563,Southeastern Great Plains Tallgrass Prairie,722974,CES205.685,7136,108029.6757,0.3249,9.4.2
78,Central Irregular Plains,7423,Southeastern_Great_Plains_Tallgrass_Prairie,29774.5065,Southeastern Great Plains Tallgrass Prairie,722974,CES205.685,7136,108029.6757,0.2756,9.2.4
114,Cross Timbers,7423,Southeastern_Great_Plains_Tallgrass_Prairie,17588.3238,Southeastern Great Plains Tallgrass Prairie,722974,CES205.685,7136,108029.6757,0.1628,9.4.5
118,East Central Texas Plains,7423,Southeastern_Great_Plains_Tallgrass_Prairie,172.7892,Southeastern Great Plains Tallgrass Prairie,722974,CES205.685,7136,108029.6757,0.0016,8.3.8
135,Flint Hills,7423,Southeastern_Great_Plains_Tallgrass_Prairie,17758.4805,Southeastern Great Plains Tallgrass Prairie,722974,CES205.685,7136,108029.6757,0.1644,9.4.4
168,Interior River Valleys and Hills,7423,Southeastern_Great_Plains_Tallgrass_Prairie,3.0861,Southeastern Great Plains Tallgrass Prairie,722974,CES205.685,7136,108029.6757,0,8.3.2
263,Ouachita Mountains,7423,Southeastern_Great_Plains_Tallgrass_Prairie,37.1871,Southeastern Great Plains Tallgrass Prairie,722974,CES205.685,7136,108029.6757,3.00E-04,8.4.8
266,Ozark Highlands,7423,Southeastern_Great_Plains_Tallgrass_Prairie,4772.6739,Southeastern Great Plains Tallgrass Prairie,722974,CES205.685,7136,108029.6757,0.0442,8.4.5
294,South Central Plains,7423,Southeastern_Great_Plains_Tallgrass_Prairie,374.3334,Southeastern Great Plains Tallgrass Prairie,722974,CES205.685,7136,108029.6757,0.0035,8.3.7
323,Southwestern Tablelands,7423,Southeastern_Great_Plains_Tallgrass_Prairie,371.628,Southeastern Great Plains Tallgrass Prairie,722974,CES205.685,7136,108029.6757,0.0034,9.4.3
330,Texas Blackland Prairies,7423,Southeastern_Great_Plains_Tallgrass_Prairie,54.3186,Southeastern Great Plains Tallgrass Prairie,722974,CES205.685,7136,108029.6757,5.00E-04,9.4.7
354,Western Corn Belt Plains,7423,Southeastern_Great_Plains_Tallgrass_Prairie,310.3596,Southeastern Great Plains Tallgrass Prairie,722974,CES205.685,7136,108029.6757,0.0029,9.2.3
2,Arizona/New Mexico Mountains,7051,Southern_Rocky_Mountain_Dry_Mesic_Montane_Mixed_Conifer_Forest_and_Woodland,2503.1997,Southern Rocky Mountain Dry Mesic Montane Mixed Conifer Forest and Woodland,722850,CES306.823,4238,15486.9894,0.1616,13.1.1
27,Arizona/New Mexico Plateau,7051,Southern_Rocky_Mountain_Dry_Mesic_Montane_Mixed_Conifer_Forest_and_Woodland,86.5485,Southern Rocky Mountain Dry Mesic Montane Mixed Conifer Forest and Woodland,722850,CES306.823,4238,15486.9894,0.0056,10.1.7
64,Central Basin and Range,7051,Southern_Rocky_Mountain_Dry_Mesic_Montane_Mixed_Conifer_Forest_and_Woodland,33.939,Southern Rocky Mountain Dry Mesic Montane Mixed Conifer Forest and Woodland,722850,CES306.823,4238,15486.9894,0.0022,10.1.5
82,Chihuahuan Desert,7051,Southern_Rocky_Mountain_Dry_Mesic_Montane_Mixed_Conifer_Forest_and_Woodland,4.9248,Southern Rocky Mountain Dry Mesic Montane Mixed Conifer Forest and Woodland,722850,CES306.823,4238,15486.9894,3.00E-04,10.2.4
92,Colorado Plateaus,7051,Southern_Rocky_Mountain_Dry_Mesic_Montane_Mixed_Conifer_Forest_and_Woodland,2269.5795,Southern Rocky Mountain Dry Mesic Montane Mixed Conifer Forest and Woodland,722850,CES306.823,4238,15486.9894,0.1465,10.1.6
145,High Plains,7051,Southern_Rocky_Mountain_Dry_Mesic_Montane_Mixed_Conifer_Forest_and_Woodland,17.6175,Southern Rocky Mountain Dry Mesic Montane Mixed Conifer Forest and Woodland,722850,CES306.823,4238,15486.9894,0.0011,9.4.1
179,Madrean Archipelago,7051,Southern_Rocky_Mountain_Dry_Mesic_Montane_Mixed_Conifer_Forest_and_Woodland,46.4535,Southern Rocky Mountain Dry Mesic Montane Mixed Conifer Forest and Woodland,722850,CES306.823,4238,15486.9894,0.003,12.1.1
196,Middle Rockies,7051,Southern_Rocky_Mountain_Dry_Mesic_Montane_Mixed_Conifer_Forest_and_Woodland,1.4904,Southern Rocky Mountain Dry Mesic Montane Mixed Conifer Forest and Woodland,722850,CES306.823,4238,15486.9894,1.00E-04,6.2.10
234,Northern Basin and Range,7051,Southern_Rocky_Mountain_Dry_Mesic_Montane_Mixed_Conifer_Forest_and_Woodland,26.1144,Southern Rocky Mountain Dry Mesic Montane Mixed Conifer Forest and Woodland,722850,CES306.823,4238,15486.9894,0.0017,10.1.3
253,Northwestern Great Plains,7051,Southern_Rocky_Mountain_Dry_Mesic_Montane_Mixed_Conifer_Forest_and_Woodland,3.2238,Southern Rocky Mountain Dry Mesic Montane Mixed Conifer Forest and Woodland,722850,CES306.823,4238,15486.9894,2.00E-04,9.3.3
284,Snake River Plain,7051,Southern_Rocky_Mountain_Dry_Mesic_Montane_Mixed_Conifer_Forest_and_Woodland,0.0486,Southern Rocky Mountain Dry Mesic Montane Mixed Conifer Forest and Woodland,722850,CES306.823,4238,15486.9894,0,10.1.8
309,Southern Rockies,7051,Southern_Rocky_Mountain_Dry_Mesic_Montane_Mixed_Conifer_Forest_and_Woodland,9283.9446,Southern Rocky Mountain Dry Mesic Montane Mixed Conifer Forest and Woodland,722850,CES306.823,4238,15486.9894,0.5995,6.2.14
321,Southwestern Tablelands,7051,Southern_Rocky_Mountain_Dry_Mesic_Montane_Mixed_Conifer_Forest_and_Woodland,36.3204,Southern Rocky Mountain Dry Mesic Montane Mixed Conifer Forest and Woodland,722850,CES306.823,4238,15486.9894,0.0023,9.4.3
333,Wasatch and Uinta Mountains,7051,Southern_Rocky_Mountain_Dry_Mesic_Montane_Mixed_Conifer_Forest_and_Woodland,1148.58,Southern Rocky Mountain Dry Mesic Montane Mixed Conifer Forest and Woodland,722850,CES306.823,4238,15486.9894,0.0742,6.2.13
356,Wyoming Basin,7051,Southern_Rocky_Mountain_Dry_Mesic_Montane_Mixed_Conifer_Forest_and_Woodland,25.0047,Southern Rocky Mountain Dry Mesic Montane Mixed Conifer Forest and Woodland,722850,CES306.823,4238,15486.9894,0.0016,10.1.4
1,Arizona/New Mexico Mountains,7052,Southern_Rocky_Mountain_Mesic_Montane_Mixed_Conifer_Forest_and_Woodland,1149.0174,Southern Rocky Mountain Mesic Montane Mixed Conifer Forest and Woodland,722848,CES306.825,4239,8992.6605,0.1278,13.1.1
16,Arizona/New Mexico Plateau,7052,Southern_Rocky_Mountain_Mesic_Montane_Mixed_Conifer_Forest_and_Woodland,19.7316,Southern Rocky Mountain Mesic Montane Mixed Conifer Forest and Woodland,722848,CES306.825,4239,8992.6605,0.0022,10.1.7
61,Central Basin and Range,7052,Southern_Rocky_Mountain_Mesic_Montane_Mixed_Conifer_Forest_and_Woodland,600.3234,Southern Rocky Mountain Mesic Montane Mixed Conifer Forest and Woodland,722848,CES306.825,4239,8992.6605,0.0668,10.1.5
89,Colorado Plateaus,7052,Southern_Rocky_Mountain_Mesic_Montane_Mixed_Conifer_Forest_and_Woodland,361.0494,Southern Rocky Mountain Mesic Montane Mixed Conifer Forest and Woodland,722848,CES306.825,4239,8992.6605,0.0401,10.1.6
183,Madrean Archipelago,7052,Southern_Rocky_Mountain_Mesic_Montane_Mixed_Conifer_Forest_and_Woodland,52.0425,Southern Rocky Mountain Mesic Montane Mixed Conifer Forest and Woodland,722848,CES306.825,4239,8992.6605,0.0058,12.1.1
188,Middle Rockies,7052,Southern_Rocky_Mountain_Mesic_Montane_Mixed_Conifer_Forest_and_Woodland,1.4904,Southern Rocky Mountain Mesic Montane Mixed Conifer Forest and Woodland,722848,CES306.825,4239,8992.6605,2.00E-04,6.2.10
205,Mojave Basin and Range,7052,Southern_Rocky_Mountain_Mesic_Montane_Mixed_Conifer_Forest_and_Woodland,95.6934,Southern Rocky Mountain Mesic Montane Mixed Conifer Forest and Woodland,722848,CES306.825,4239,8992.6605,0.0106,10.2.1
230,Northern Basin and Range,7052,Southern_Rocky_Mountain_Mesic_Montane_Mixed_Conifer_Forest_and_Woodland,199.0008,Southern Rocky Mountain Mesic Montane Mixed Conifer Forest and Woodland,722848,CES306.825,4239,8992.6605,0.0221,10.1.3
280,Snake River Plain,7052,Southern_Rocky_Mountain_Mesic_Montane_Mixed_Conifer_Forest_and_Woodland,1.944,Southern Rocky Mountain Mesic Montane Mixed Conifer Forest and Woodland,722848,CES306.825,4239,8992.6605,2.00E-04,10.1.8
303,Southern Rockies,7052,Southern_Rocky_Mountain_Mesic_Montane_Mixed_Conifer_Forest_and_Woodland,4853.7468,Southern Rocky Mountain Mesic Montane Mixed Conifer Forest and Woodland,722848,CES306.825,4239,8992.6605,0.5397,6.2.14
327,Southwestern Tablelands,7052,Southern_Rocky_Mountain_Mesic_Montane_Mixed_Conifer_Forest_and_Woodland,0.0648,Southern Rocky Mountain Mesic Montane Mixed Conifer Forest and Woodland,722848,CES306.825,4239,8992.6605,0,9.4.3
339,Wasatch and Uinta Mountains,7052,Southern_Rocky_Mountain_Mesic_Montane_Mixed_Conifer_Forest_and_Woodland,1656.9846,Southern Rocky Mountain Mesic Montane Mixed Conifer Forest and Woodland,722848,CES306.825,4239,8992.6605,0.1843,6.2.13
362,Wyoming Basin,7052,Southern_Rocky_Mountain_Mesic_Montane_Mixed_Conifer_Forest_and_Woodland,1.5714,Southern Rocky Mountain Mesic Montane Mixed Conifer Forest and Woodland,722848,CES306.825,4239,8992.6605,2.00E-04,10.1.4
11,Arizona/New Mexico Mountains,7146,Southern_Rocky_Mountain_Montane_Subalpine_Grassland,852.93,Southern Rocky Mountain Montane Subalpine Grassland,722849,CES306.824,7119,3086.9586,0.2763,13.1.1
25,Arizona/New Mexico Plateau,7146,Southern_Rocky_Mountain_Montane_Subalpine_Grassland,31.7439,Southern Rocky Mountain Montane Subalpine Grassland,722849,CES306.824,7119,3086.9586,0.0103,10.1.7
58,Central Basin and Range,7146,Southern_Rocky_Mountain_Montane_Subalpine_Grassland,2.1141,Southern Rocky Mountain Montane Subalpine Grassland,722849,CES306.824,7119,3086.9586,7.00E-04,10.1.5
83,Chihuahuan Desert,7146,Southern_Rocky_Mountain_Montane_Subalpine_Grassland,3.8232,Southern Rocky Mountain Montane Subalpine Grassland,722849,CES306.824,7119,3086.9586,0.0012,10.2.4
94,Colorado Plateaus,7146,Southern_Rocky_Mountain_Montane_Subalpine_Grassland,17.01,Southern Rocky Mountain Montane Subalpine Grassland,722849,CES306.824,7119,3086.9586,0.0055,10.1.6
141,High Plains,7146,Southern_Rocky_Mountain_Montane_Subalpine_Grassland,0.9558,Southern Rocky Mountain Montane Subalpine Grassland,722849,CES306.824,7119,3086.9586,3.00E-04,9.4.1
184,Madrean Archipelago,7146,Southern_Rocky_Mountain_Montane_Subalpine_Grassland,4.5036,Southern Rocky Mountain Montane Subalpine Grassland,722849,CES306.824,7119,3086.9586,0.0015,12.1.1
237,Northern Basin and Range,7146,Southern_Rocky_Mountain_Montane_Subalpine_Grassland,3.0051,Southern Rocky Mountain Montane Subalpine Grassland,722849,CES306.824,7119,3086.9586,0.001,10.1.3
258,Northwestern Great Plains,7146,Southern_Rocky_Mountain_Montane_Subalpine_Grassland,1.4175,Southern Rocky Mountain Montane Subalpine Grassland,722849,CES306.824,7119,3086.9586,5.00E-04,9.3.3
316,Southern Rockies,7146,Southern_Rocky_Mountain_Montane_Subalpine_Grassland,2022.3189,Southern Rocky Mountain Montane Subalpine Grassland,722849,CES306.824,7119,3086.9586,0.6551,6.2.14
328,Southwestern Tablelands,7146,Southern_Rocky_Mountain_Montane_Subalpine_Grassland,3.8637,Southern Rocky Mountain Montane Subalpine Grassland,722849,CES306.824,7119,3086.9586,0.0013,9.4.3
336,Wasatch and Uinta Mountains,7146,Southern_Rocky_Mountain_Montane_Subalpine_Grassland,139.1256,Southern Rocky Mountain Montane Subalpine Grassland,722849,CES306.824,7119,3086.9586,0.0451,6.2.13
363,Wyoming Basin,7146,Southern_Rocky_Mountain_Montane_Subalpine_Grassland,4.1472,Southern Rocky Mountain Montane Subalpine Grassland,722849,CES306.824,7119,3086.9586,0.0013,10.1.4
4,Arizona/New Mexico Mountains,7054,Southern_Rocky_Mountain_Ponderosa_Pine_Woodland,19014.4341,Southern Rocky Mountain Ponderosa Pine Woodland,797980,CES306.648,4241,38899.4481,0.4888,13.1.1
21,Arizona/New Mexico Plateau,7054,Southern_Rocky_Mountain_Ponderosa_Pine_Woodland,1403.0739,Southern Rocky Mountain Ponderosa Pine Woodland,797980,CES306.648,4241,38899.4481,0.0361,10.1.7
60,Central Basin and Range,7054,Southern_Rocky_Mountain_Ponderosa_Pine_Woodland,64.6704,Southern Rocky Mountain Ponderosa Pine Woodland,797980,CES306.648,4241,38899.4481,0.0017,10.1.5
74,Central Great Plains,7054,Southern_Rocky_Mountain_Ponderosa_Pine_Woodland,3.8151,Southern Rocky Mountain Ponderosa Pine Woodland,797980,CES306.648,4241,38899.4481,1.00E-04,9.4.2
81,Chihuahuan Desert,7054,Southern_Rocky_Mountain_Ponderosa_Pine_Woodland,37.7217,Southern Rocky Mountain Ponderosa Pine Woodland,797980,CES306.648,4241,38899.4481,0.001,10.2.4
90,Colorado Plateaus,7054,Southern_Rocky_Mountain_Ponderosa_Pine_Woodland,2373.0003,Southern Rocky Mountain Ponderosa Pine Woodland,797980,CES306.648,4241,38899.4481,0.061,10.1.6
132,Edwards Plateau,7054,Southern_Rocky_Mountain_Ponderosa_Pine_Woodland,6.885,Southern Rocky Mountain Ponderosa Pine Woodland,797980,CES306.648,4241,38899.4481,2.00E-04,9.4.6
139,High Plains,7054,Southern_Rocky_Mountain_Ponderosa_Pine_Woodland,205.6428,Southern Rocky Mountain Ponderosa Pine Woodland,797980,CES306.648,4241,38899.4481,0.0053,9.4.1
181,Madrean Archipelago,7054,Southern_Rocky_Mountain_Ponderosa_Pine_Woodland,110.1033,Southern Rocky Mountain Ponderosa Pine Woodland,797980,CES306.648,4241,38899.4481,0.0028,12.1.1
194,Middle Rockies,7054,Southern_Rocky_Mountain_Ponderosa_Pine_Woodland,0.5427,Southern Rocky Mountain Ponderosa Pine Woodland,797980,CES306.648,4241,38899.4481,0,6.2.10
206,Mojave Basin and Range,7054,Southern_Rocky_Mountain_Ponderosa_Pine_Woodland,123.2172,Southern Rocky Mountain Ponderosa Pine Woodland,797980,CES306.648,4241,38899.4481,0.0032,10.2.1
216,Nebraska Sand Hills,7054,Southern_Rocky_Mountain_Ponderosa_Pine_Woodland,0.8424,Southern Rocky Mountain Ponderosa Pine Woodland,797980,CES306.648,4241,38899.4481,0,9.3.4
244,Northwestern Glaciated Plains,7054,Southern_Rocky_Mountain_Ponderosa_Pine_Woodland,0.1053,Southern Rocky Mountain Ponderosa Pine Woodland,797980,CES306.648,4241,38899.4481,0,9.3.1
256,Northwestern Great Plains,7054,Southern_Rocky_Mountain_Ponderosa_Pine_Woodland,4.7142,Southern Rocky Mountain Ponderosa Pine Woodland,797980,CES306.648,4241,38899.4481,1.00E-04,9.3.3
291,Sonoran Desert,7054,Southern_Rocky_Mountain_Ponderosa_Pine_Woodland,1.1745,Southern Rocky Mountain Ponderosa Pine Woodland,797980,CES306.648,4241,38899.4481,0,10.2.2
310,Southern Rockies,7054,Southern_Rocky_Mountain_Ponderosa_Pine_Woodland,13369.8033,Southern Rocky Mountain Ponderosa Pine Woodland,797980,CES306.648,4241,38899.4481,0.3437,6.2.14
322,Southwestern Tablelands,7054,Southern_Rocky_Mountain_Ponderosa_Pine_Woodland,861.6294,Southern Rocky Mountain Ponderosa Pine Woodland,797980,CES306.648,4241,38899.4481,0.0222,9.4.3
340,Wasatch and Uinta Mountains,7054,Southern_Rocky_Mountain_Ponderosa_Pine_Woodland,1255.0464,Southern Rocky Mountain Ponderosa Pine Woodland,797980,CES306.648,4241,38899.4481,0.0323,6.2.13
358,Wyoming Basin,7054,Southern_Rocky_Mountain_Ponderosa_Pine_Woodland,63.0261,Southern Rocky Mountain Ponderosa Pine Woodland,797980,CES306.648,4241,38899.4481,0.0016,10.1.4
8,Arizona/New Mexico Mountains,7147,Western_Great_Plains_Foothill_and_Piedmont_Grassland,105.7941,Western Great Plains Foothill and Piedmont Grassland,722856,CES303.817,7120,12692.0763,0.0083,13.1.1
20,Arizona/New Mexico Plateau,7147,Western_Great_Plains_Foothill_and_Piedmont_Grassland,0.1377,Western Great Plains Foothill and Piedmont Grassland,722856,CES303.817,7120,12692.0763,0,10.1.7
143,High Plains,7147,Western_Great_Plains_Foothill_and_Piedmont_Grassland,1014.3711,Western Great Plains Foothill and Piedmont Grassland,722856,CES303.817,7120,12692.0763,0.0799,9.4.1
307,Southern Rockies,7147,Western_Great_Plains_Foothill_and_Piedmont_Grassland,479.0421,Western Great Plains Foothill and Piedmont Grassland,722856,CES303.817,7120,12692.0763,0.0377,6.2.14
317,Southwestern Tablelands,7147,Western_Great_Plains_Foothill_and_Piedmont_Grassland,11092.7313,Western Great Plains Foothill and Piedmont Grassland,722856,CES303.817,7120,12692.0763,0.874,9.4.3
3,Arizona/New Mexico Mountains,7149,Western_Great_Plains_Shortgrass_Prairie,450.4491,Western Great Plains Shortgrass Prairie,722986,CES303.672,7122,259073.154,0.0017,13.1.1
18,Arizona/New Mexico Plateau,7149,Western_Great_Plains_Shortgrass_Prairie,260.8524,Western Great Plains Shortgrass Prairie,722986,CES303.672,7122,259073.154,0.001,10.1.7
71,Central Great Plains,7149,Western_Great_Plains_Shortgrass_Prairie,2402.9541,Western Great Plains Shortgrass Prairie,722986,CES303.672,7122,259073.154,0.0093,9.4.2
85,Chihuahuan Desert,7149,Western_Great_Plains_Shortgrass_Prairie,365.8041,Western Great Plains Shortgrass Prairie,722986,CES303.672,7122,259073.154,0.0014,10.2.4
131,Edwards Plateau,7149,Western_Great_Plains_Shortgrass_Prairie,3232.2483,Western Great Plains Shortgrass Prairie,722986,CES303.672,7122,259073.154,0.0125,9.4.6
147,High Plains,7149,Western_Great_Plains_Shortgrass_Prairie,155168.3304,Western Great Plains Shortgrass Prairie,722986,CES303.672,7122,259073.154,0.5989,9.4.1
189,Middle Rockies,7149,Western_Great_Plains_Shortgrass_Prairie,6.4233,Western Great Plains Shortgrass Prairie,722986,CES303.672,7122,259073.154,0,6.2.10
214,Nebraska Sand Hills,7149,Western_Great_Plains_Shortgrass_Prairie,290.3931,Western Great Plains Shortgrass Prairie,722986,CES303.672,7122,259073.154,0.0011,9.3.4
259,Northwestern Great Plains,7149,Western_Great_Plains_Shortgrass_Prairie,3085.6869,Western Great Plains Shortgrass Prairie,722986,CES303.672,7122,259073.154,0.0119,9.3.3
315,Southern Rockies,7149,Western_Great_Plains_Shortgrass_Prairie,593.8029,Western Great Plains Shortgrass Prairie,722986,CES303.672,7122,259073.154,0.0023,6.2.14
325,Southwestern Tablelands,7149,Western_Great_Plains_Shortgrass_Prairie,93216.2094,Western Great Plains Shortgrass Prairie,722986,CES303.672,7122,259073.154,0.3598,9.4.3
